number,value,datetime_start,datetime_complete,duration,params_batch_size,params_epochs,params_lr,params_rot_inv,state
0,0.1232297420501709,2022-10-12 10:06:37.101849,2022-10-12 10:20:59.903515,0 days 00:14:22.801666,18,16,9.655122066587723e-06,1,COMPLETE
1,0.041517361998558044,2022-10-12 10:06:58.334303,2022-10-12 10:28:51.112198,0 days 00:21:52.777895,53,19,0.0004947123797131636,0,COMPLETE
2,0.07354245334863663,2022-10-12 10:07:20.013739,2022-10-12 10:16:51.718254,0 days 00:09:31.704515,62,8,0.0001334209685745493,0,COMPLETE
3,0.04713902249932289,2022-10-12 10:09:58.629114,2022-10-12 10:29:37.808881,0 days 00:19:39.179767,51,18,0.0010387514693948718,3,COMPLETE
4,0.06409548223018646,2022-10-12 10:09:58.937735,2022-10-12 10:18:33.426575,0 days 00:08:34.488840,47,7,0.00022687291998699805,5,COMPLETE
5,0.08231858164072037,2022-10-12 10:16:51.843965,2022-10-12 10:35:14.669739,0 days 00:18:22.825774,45,16,3.94646114800875e-05,5,COMPLETE
6,0.11558309197425842,2022-10-12 10:18:33.587839,2022-10-12 10:29:58.401232,0 days 00:11:24.813393,63,14,2.6679059597556104e-05,1,COMPLETE
7,0.08454994112253189,2022-10-12 10:20:59.996833,2022-10-12 10:27:54.765742,0 days 00:06:54.768909,29,8,0.002621025054664558,1,COMPLETE
8,0.048070862889289856,2022-10-12 10:27:54.824021,2022-10-12 10:41:35.578621,0 days 00:13:40.754600,28,12,0.00048347741692404185,3,COMPLETE
9,0.06861372292041779,2022-10-12 10:28:51.249455,2022-10-12 10:47:00.454245,0 days 00:18:09.204790,16,15,6.398213771416699e-05,3,COMPLETE
10,0.2103714495897293,2022-10-12 10:29:37.904082,2022-10-12 10:37:52.080021,0 days 00:08:14.175939,26,7,2.0341479213386978e-06,3,COMPLETE
11,0.1496061086654663,2022-10-12 10:29:58.474008,2022-10-12 10:36:04.036600,0 days 00:06:05.562592,40,7,1.2230565448243085e-05,1,COMPLETE
12,0.730950117111206,2022-10-12 10:35:14.754486,2022-10-12 10:58:22.604452,0 days 00:23:07.849966,17,18,0.0021507178273568552,5,COMPLETE
13,0.2031494826078415,2022-10-12 10:36:04.139027,2022-10-12 10:44:07.245232,0 days 00:08:03.106205,41,7,2.225971877807669e-06,3,COMPLETE
14,0.16747510433197021,2022-10-12 10:37:52.160398,2022-10-12 10:49:18.740962,0 days 00:11:26.580564,56,10,2.949678583216062e-06,5,COMPLETE
15,0.06611745059490204,2022-10-12 10:41:35.638019,2022-10-12 10:52:28.202801,0 days 00:10:52.564782,30,9,0.000133676673568362,0,COMPLETE
16,0.04809541627764702,2022-10-12 10:44:07.370463,2022-10-12 10:58:07.313225,0 days 00:13:59.942762,31,12,0.00032296347260994045,4,COMPLETE
17,0.7303937673568726,2022-10-12 10:47:00.544501,2022-10-12 11:02:58.212150,0 days 00:15:57.667649,58,14,0.0030657513009123938,0,COMPLETE
18,0.059676337987184525,2022-10-12 10:49:18.827286,2022-10-12 10:54:42.857600,0 days 00:05:24.030314,46,5,0.0008916142428466034,2,COMPLETE
19,0.0971006453037262,2022-10-12 10:52:28.265459,2022-10-12 11:05:05.408045,0 days 00:12:37.142586,47,11,2.201083544687915e-05,0,COMPLETE
20,0.0897652804851532,2022-10-12 10:54:42.932015,2022-10-12 11:15:34.760070,0 days 00:20:51.828055,27,18,2.2426167856778744e-05,4,COMPLETE
21,0.13103097677230835,2022-10-12 10:58:07.394812,2022-10-12 11:16:00.702208,0 days 00:17:53.307396,59,18,1.1747419504741108e-05,2,COMPLETE
22,0.08190233260393143,2022-10-12 10:58:22.687134,2022-10-12 11:09:12.487122,0 days 00:10:49.799988,16,8,2.8903035987078353e-05,0,COMPLETE
23,0.12099957466125488,2022-10-12 11:02:58.375787,2022-10-12 11:22:03.493097,0 days 00:19:05.117310,63,17,8.890767736804006e-06,0,COMPLETE
24,0.7292098999023438,2022-10-12 11:05:05.489833,2022-10-12 11:23:50.818667,0 days 00:18:45.328834,29,16,0.00589317129005866,0,COMPLETE
25,0.1061067283153534,2022-10-12 11:09:12.548561,2022-10-12 11:26:57.911324,0 days 00:17:45.362763,64,16,0.002239563960321119,5,COMPLETE
26,0.06230578199028969,2022-10-12 11:15:34.818564,2022-10-12 11:30:06.934749,0 days 00:14:32.116185,26,14,0.0010380898673481177,2,COMPLETE
27,0.1222338005900383,2022-10-12 11:16:00.780559,2022-10-12 11:24:05.429285,0 days 00:08:04.648726,48,7,3.373031755602685e-05,3,COMPLETE
28,0.17848823964595795,2022-10-12 11:22:03.575456,2022-10-12 11:34:14.147766,0 days 00:12:10.572310,17,11,2.0357529494755814e-06,2,COMPLETE
29,0.03841639682650566,2022-10-12 11:23:50.896812,2022-10-12 11:41:41.884732,0 days 00:17:50.987920,57,16,0.0007057484869210823,0,COMPLETE
30,0.15846358239650726,2022-10-12 11:24:05.508683,2022-10-12 11:42:54.161351,0 days 00:18:48.652668,38,17,4.967241127365418e-06,3,COMPLETE
31,0.1346803456544876,2022-10-12 11:26:57.990965,2022-10-12 11:38:58.911406,0 days 00:12:00.920441,48,15,9.691826152212932e-06,1,COMPLETE
32,0.7289742231369019,2022-10-12 11:30:06.998837,2022-10-12 11:43:48.323937,0 days 00:13:41.325100,27,12,0.005382656636372443,3,COMPLETE
33,0.7314801216125488,2022-10-12 11:34:14.232148,2022-10-12 11:38:52.361415,0 days 00:04:38.129267,45,5,0.0035605813904616038,1,COMPLETE
34,0.10507161915302277,2022-10-12 11:38:52.422738,2022-10-12 11:56:50.149024,0 days 00:17:57.726286,47,16,1.5626356725179543e-05,4,COMPLETE
35,0.7288118004798889,2022-10-12 11:38:59.012596,2022-10-12 12:03:51.961014,0 days 00:24:52.948418,17,20,0.0048034103056734,4,COMPLETE
36,0.07091980427503586,2022-10-12 11:41:41.945316,2022-10-12 12:01:35.143281,0 days 00:19:53.197965,20,16,5.0624534961548647e-05,0,COMPLETE
37,0.7308295965194702,2022-10-12 11:42:54.244014,2022-10-12 12:04:59.655075,0 days 00:22:05.411061,33,19,0.0019847904467618833,0,COMPLETE
38,0.06902001798152924,2022-10-12 11:43:48.404654,2022-10-12 11:55:11.233207,0 days 00:11:22.828553,31,10,0.0001140564283299399,3,COMPLETE
39,0.7298244833946228,2022-10-12 11:55:11.300490,2022-10-12 12:17:54.700732,0 days 00:22:43.400242,26,19,0.003711365394743304,5,COMPLETE
40,0.07127346843481064,2022-10-12 11:56:50.232906,2022-10-12 12:12:08.170402,0 days 00:15:17.937496,53,19,0.0006433839913433456,1,COMPLETE
41,0.15807437896728516,2022-10-12 12:01:35.363551,2022-10-12 12:08:52.654026,0 days 00:07:17.290475,50,7,8.74234363340486e-06,2,COMPLETE
42,0.0775396004319191,2022-10-12 12:03:52.023501,2022-10-12 12:19:26.456185,0 days 00:15:34.432684,29,13,3.596334492331449e-05,0,COMPLETE
43,0.04921970143914223,2022-10-12 12:04:59.734887,2022-10-12 12:23:37.322565,0 days 00:18:37.587678,47,17,0.0015128555332257774,3,COMPLETE
44,0.11034926027059555,2022-10-12 12:08:52.726349,2022-10-12 12:28:18.846800,0 days 00:19:26.120451,37,17,6.161322511828598e-06,0,COMPLETE
45,0.09572969377040863,2022-10-12 12:12:08.249703,2022-10-12 12:18:12.004576,0 days 00:06:03.754873,43,5,0.00021976607007821974,3,COMPLETE
46,0.04688475653529167,2022-10-12 12:17:54.790924,2022-10-12 12:28:35.128545,0 days 00:10:40.337621,34,9,0.0015573948604023485,5,COMPLETE
47,0.06502806395292282,2022-10-12 12:18:12.090394,2022-10-12 12:30:18.520999,0 days 00:12:06.430605,41,15,0.0010161297021711003,1,COMPLETE
48,0.053001441061496735,2022-10-12 12:19:26.541067,2022-10-12 12:35:28.552498,0 days 00:16:02.011431,46,16,0.000440500640303808,2,COMPLETE
49,0.038215648382902145,2022-10-12 12:23:37.401402,2022-10-12 12:40:04.586902,0 days 00:16:27.185500,35,14,0.0011180145416383213,5,COMPLETE
50,0.07325799018144608,2022-10-12 12:28:18.932321,2022-10-12 12:44:59.850670,0 days 00:16:40.918349,63,15,5.928222999296261e-05,0,COMPLETE
51,0.7305735349655151,2022-10-12 12:28:35.187007,2022-10-12 12:47:49.063193,0 days 00:19:13.876186,35,17,0.002766352838177149,4,COMPLETE
52,0.057851001620292664,2022-10-12 12:30:18.618378,2022-10-12 12:49:22.393137,0 days 00:19:03.774759,43,17,0.00026491854329479614,4,COMPLETE
53,0.0564601756632328,2022-10-12 12:35:28.635538,2022-10-12 12:57:51.855705,0 days 00:22:23.220167,50,20,0.00016450062479007028,5,COMPLETE
54,0.7298378944396973,2022-10-12 12:40:04.668317,2022-10-12 12:45:44.890800,0 days 00:05:40.222483,19,6,0.003341110959018846,1,COMPLETE
55,0.03786018118262291,2022-10-12 12:44:59.933772,2022-10-12 13:00:15.141991,0 days 00:15:15.208219,31,13,0.0004216372384258207,5,COMPLETE
56,0.10319686681032181,2022-10-12 12:45:44.972801,2022-10-12 13:07:08.476024,0 days 00:21:23.503223,28,18,8.237096481709145e-06,5,COMPLETE
57,0.7298275232315063,2022-10-12 12:47:49.146098,2022-10-12 13:06:00.365829,0 days 00:18:11.219731,16,14,0.007245411665893098,0,COMPLETE
58,0.08314142376184464,2022-10-12 12:49:22.481236,2022-10-12 12:54:45.296222,0 days 00:05:22.814986,60,6,0.00024990702096720774,1,COMPLETE
59,0.18830642104148865,2022-10-12 12:54:45.356359,2022-10-12 13:12:45.974840,0 days 00:18:00.618481,47,18,1.769664366465009e-06,2,COMPLETE
60,0.035327330231666565,2022-10-12 12:57:51.947905,2022-10-12 13:10:45.846199,0 days 00:12:53.898294,37,11,0.0007468492709117681,0,COMPLETE
61,0.10432886332273483,2022-10-12 13:00:15.492563,2022-10-12 13:16:44.876665,0 days 00:16:29.384102,63,15,2.2904211297731065e-05,4,COMPLETE
62,0.1469380110502243,2022-10-12 13:06:00.429545,2022-10-12 13:22:00.415056,0 days 00:15:59.985511,46,16,6.146134308202836e-06,2,COMPLETE
63,0.1643296629190445,2022-10-12 13:07:08.569795,2022-10-12 13:23:25.351713,0 days 00:16:16.781918,17,13,2.10113881901147e-06,4,COMPLETE
64,0.1380915492773056,2022-10-12 13:10:45.936904,2022-10-12 13:31:57.462080,0 days 00:21:11.525176,64,20,8.053783570895769e-06,3,COMPLETE
65,0.09290950000286102,2022-10-12 13:12:46.064478,2022-10-12 13:18:24.451617,0 days 00:05:38.387139,52,5,0.0018040170424716022,2,COMPLETE
66,0.0635167807340622,2022-10-12 13:16:44.968174,2022-10-12 13:26:01.686897,0 days 00:09:16.718723,47,8,0.00023073977686330303,0,COMPLETE
67,0.1388309746980667,2022-10-12 13:18:24.538018,2022-10-12 13:35:08.289742,0 days 00:16:43.751724,31,15,8.726548736914063e-06,3,COMPLETE
68,0.09016663581132889,2022-10-12 13:22:00.503229,2022-10-12 13:44:57.223323,0 days 00:22:56.720094,36,20,1.7642569498574914e-05,5,COMPLETE
69,0.06665722280740738,2022-10-12 13:23:25.438072,2022-10-12 13:36:43.219488,0 days 00:13:17.781416,60,12,0.0002075804777004886,3,COMPLETE
70,0.09672140330076218,2022-10-12 13:26:01.766787,2022-10-12 13:40:49.824064,0 days 00:14:48.057277,44,13,2.5245961288298375e-05,5,COMPLETE
71,0.14085572957992554,2022-10-12 13:31:57.524443,2022-10-12 13:50:24.178871,0 days 00:18:26.654428,30,16,4.901990361664484e-06,4,COMPLETE
72,0.11248795688152313,2022-10-12 13:35:08.375307,2022-10-12 13:55:15.828678,0 days 00:20:07.453371,40,20,1.5370835791292224e-05,2,COMPLETE
73,0.7296131253242493,2022-10-12 13:36:43.303900,2022-10-12 13:53:18.051709,0 days 00:16:34.747809,39,14,0.0037923652097254586,5,COMPLETE
74,0.05962269753217697,2022-10-12 13:40:49.909281,2022-10-12 13:53:17.159134,0 days 00:12:27.249853,54,11,0.0001945161164786429,5,COMPLETE
75,0.10922914743423462,2022-10-12 13:44:57.288422,2022-10-12 13:57:43.547381,0 days 00:12:46.258959,45,16,1.9936730399197538e-05,1,COMPLETE
76,0.18498361110687256,2022-10-12 13:50:24.246839,2022-10-12 14:07:26.766634,0 days 00:17:02.519795,43,17,1.6122748430253215e-06,2,COMPLETE
77,0.06861855089664459,2022-10-12 13:53:17.222256,2022-10-12 14:08:30.985431,0 days 00:15:13.763175,30,19,0.0009702449682038601,1,COMPLETE
78,0.7294428944587708,2022-10-12 13:53:18.134443,2022-10-12 14:05:55.434180,0 days 00:12:37.299737,25,10,0.0073753794710484,5,COMPLETE
79,0.18614977598190308,2022-10-12 13:55:15.924953,2022-10-12 14:11:41.299898,0 days 00:16:25.374945,16,13,1.1008141156735197e-06,4,COMPLETE
80,0.11916659772396088,2022-10-12 13:57:44.217383,2022-10-12 14:04:48.760105,0 days 00:07:04.542722,56,6,2.5670837672494923e-05,5,COMPLETE
81,0.14809559285640717,2022-10-12 14:04:48.914903,2022-10-12 14:19:49.335201,0 days 00:15:00.420298,50,19,4.236330355857093e-06,1,COMPLETE
82,0.07881458848714828,2022-10-12 14:05:55.535432,2022-10-12 14:15:26.104087,0 days 00:09:30.568655,18,7,5.0791650443117e-05,5,COMPLETE
83,0.11964379251003265,2022-10-12 14:07:26.854408,2022-10-12 14:20:59.249281,0 days 00:13:32.394873,29,12,1.6484150143842153e-05,3,COMPLETE
84,0.14939554035663605,2022-10-12 14:08:31.046261,2022-10-12 14:17:12.299580,0 days 00:08:41.253319,25,7,5.7447680446906065e-06,5,COMPLETE
85,0.7299168109893799,2022-10-12 14:11:41.391776,2022-10-12 14:27:27.522793,0 days 00:15:46.131017,45,14,0.003607357324010728,4,COMPLETE
86,0.13401207327842712,2022-10-12 14:15:26.187548,2022-10-12 14:27:15.222118,0 days 00:11:49.034570,50,10,5.033795528575574e-06,0,COMPLETE
87,0.19029287993907928,2022-10-12 14:17:12.380255,2022-10-12 14:30:06.927296,0 days 00:12:54.547041,62,13,2.631298346350405e-06,2,COMPLETE
88,0.7293108701705933,2022-10-12 14:19:49.396737,2022-10-12 14:37:58.863821,0 days 00:18:09.467084,38,16,0.00919936192105113,4,COMPLETE
89,0.09825486689805984,2022-10-12 14:20:59.313626,2022-10-12 14:29:34.511839,0 days 00:08:35.198213,19,10,2.7002382838064883e-05,1,COMPLETE
90,0.7307589650154114,2022-10-12 14:27:15.306341,2022-10-12 14:37:06.186733,0 days 00:09:50.880392,31,8,0.0029454214369906534,0,COMPLETE
91,0.7293030619621277,2022-10-12 14:27:27.617644,2022-10-12 14:34:33.552962,0 days 00:07:05.935318,26,6,0.006901671782790487,3,COMPLETE
92,0.09553049504756927,2022-10-12 14:29:34.596538,2022-10-12 14:45:45.670148,0 days 00:16:11.073610,39,14,1.6403345073969604e-05,0,COMPLETE
93,0.08789052814245224,2022-10-12 14:30:06.986896,2022-10-12 14:52:06.670385,0 days 00:21:59.683489,62,20,1.824560833273345e-05,0,COMPLETE
94,0.15528227388858795,2022-10-12 14:34:33.634462,2022-10-12 14:50:38.638462,0 days 00:16:05.004000,20,13,1.4336983265765455e-06,0,COMPLETE
95,0.7310869693756104,2022-10-12 14:37:06.273975,2022-10-12 14:54:44.337015,0 days 00:17:38.063040,33,15,0.0015373260418097164,5,COMPLETE
96,0.04508616775274277,2022-10-12 14:37:58.955561,2022-10-12 15:02:18.249003,0 days 00:24:19.293442,22,20,0.00015988067050222622,5,COMPLETE
97,0.04602915421128273,2022-10-12 14:45:45.741406,2022-10-12 14:51:51.458174,0 days 00:06:05.716768,47,5,0.0015893287201153281,0,COMPLETE
98,0.04777296632528305,2022-10-12 14:50:38.744487,2022-10-12 15:11:51.619266,0 days 00:21:12.874779,51,19,0.00023011499431171498,5,COMPLETE
99,0.038751307874917984,2022-10-12 14:51:51.555502,2022-10-12 15:10:56.430038,0 days 00:19:04.874536,52,17,0.0007730022254557151,0,COMPLETE
100,0.7293086647987366,2022-10-12 14:52:06.733744,2022-10-12 14:59:57.081477,0 days 00:07:50.347733,49,7,0.004092015606017216,3,COMPLETE
101,0.7299534678459167,2022-10-12 14:54:44.412795,2022-10-12 15:12:50.302555,0 days 00:18:05.889760,20,15,0.003913186534825532,4,COMPLETE
102,0.06597476452589035,2022-10-12 14:59:57.176991,2022-10-12 15:12:58.716862,0 days 00:13:01.539871,16,12,0.0008878210074184151,2,COMPLETE
103,0.07625656574964523,2022-10-12 15:02:18.453343,2022-10-12 15:08:29.223939,0 days 00:06:10.770596,36,5,0.00017317377704185517,5,COMPLETE
104,0.04043486714363098,2022-10-12 15:08:29.284652,2022-10-12 15:18:47.892777,0 days 00:10:18.608125,57,9,0.0006701807553946702,0,COMPLETE
105,0.036730509251356125,2022-10-12 15:10:56.492322,2022-10-12 15:21:39.364752,0 days 00:10:42.872430,34,9,0.0006879201284327776,0,COMPLETE
106,0.03527779504656792,2022-10-12 15:11:51.711733,2022-10-12 15:31:58.505523,0 days 00:20:06.793790,55,18,0.0006997565243422155,0,COMPLETE
107,0.03992346301674843,2022-10-12 15:12:50.390125,2022-10-12 15:33:16.572985,0 days 00:20:26.182860,56,18,0.0007160184309889189,0,COMPLETE
108,0.0698808804154396,2022-10-12 15:12:58.806945,2022-10-12 15:23:19.142543,0 days 00:10:20.335598,52,9,0.00041808836766347085,0,COMPLETE
109,0.037259791046381,2022-10-12 15:18:47.956105,2022-10-12 15:38:50.531388,0 days 00:20:02.575283,55,18,0.0005305372302721365,0,COMPLETE
110,0.05075624957680702,2022-10-12 15:21:39.429403,2022-10-12 15:32:00.066594,0 days 00:10:20.637191,55,9,0.0004794052082388659,0,COMPLETE
111,0.045757927000522614,2022-10-12 15:23:19.203042,2022-10-12 15:33:34.986480,0 days 00:10:15.783438,57,9,0.0006329550545134022,0,COMPLETE
112,0.037772033363580704,2022-10-12 15:31:58.601694,2022-10-12 15:52:19.847420,0 days 00:20:21.245726,57,18,0.0006530290205885016,0,COMPLETE
113,0.03678588941693306,2022-10-12 15:32:00.144345,2022-10-12 15:52:00.848971,0 days 00:20:00.704626,58,18,0.0007083094302517669,0,COMPLETE
114,0.033673256635665894,2022-10-12 15:33:16.671329,2022-10-12 15:53:37.758581,0 days 00:20:21.087252,58,18,0.0007172213321592777,0,COMPLETE
115,0.03603262081742287,2022-10-12 15:33:35.072840,2022-10-12 15:53:31.265213,0 days 00:19:56.192373,57,18,0.0006713684746060371,0,COMPLETE
116,0.03718261048197746,2022-10-12 15:38:50.597181,2022-10-12 15:58:50.419737,0 days 00:19:59.822556,57,18,0.0007414545623824292,0,COMPLETE
117,0.04156490042805672,2022-10-12 15:52:00.916265,2022-10-12 16:12:02.231415,0 days 00:20:01.315150,58,18,0.0006901349729378839,0,COMPLETE
118,0.037019286304712296,2022-10-12 15:52:19.957432,2022-10-12 16:12:27.362513,0 days 00:20:07.405081,57,18,0.0007006413513526157,0,COMPLETE
119,0.050667654722929,2022-10-12 15:53:31.351226,2022-10-12 16:13:25.850475,0 days 00:19:54.499249,59,18,0.0003620258168706809,0,COMPLETE
120,0.051156651228666306,2022-10-12 15:53:37.833946,2022-10-12 16:13:58.754065,0 days 00:20:20.920119,59,18,0.00036020235175931287,0,COMPLETE
121,0.11622460186481476,2022-10-12 15:58:50.514317,2022-10-12 16:18:48.062086,0 days 00:19:57.547769,59,18,0.001243865910656563,0,COMPLETE
122,0.052383340895175934,2022-10-12 16:12:02.441542,2022-10-12 16:32:01.052879,0 days 00:19:58.611337,60,18,0.0003340510061419793,0,COMPLETE
123,0.7310910820960999,2022-10-12 16:12:27.519516,2022-10-12 16:32:31.836141,0 days 00:20:04.316625,59,18,0.001256422108368535,0,COMPLETE
124,0.03636525198817253,2022-10-12 16:13:25.944314,2022-10-12 16:33:26.044946,0 days 00:20:00.100632,54,18,0.0005719366165078124,0,COMPLETE
125,0.7313130497932434,2022-10-12 16:13:58.843436,2022-10-12 16:35:32.371538,0 days 00:21:33.528102,55,19,0.0012109021665883076,0,COMPLETE
126,0.03960883989930153,2022-10-12 16:18:48.212826,2022-10-12 16:39:54.835999,0 days 00:21:06.623173,55,19,0.0005366600195347017,0,COMPLETE
127,0.04065609723329544,2022-10-12 16:32:01.120595,2022-10-12 16:53:12.886686,0 days 00:21:11.766091,54,19,0.0005767394459441475,0,COMPLETE
128,0.03730756789445877,2022-10-12 16:32:31.926680,2022-10-12 16:51:36.919748,0 days 00:19:04.993068,54,17,0.0005475163498502944,0,COMPLETE
129,0.03816836699843407,2022-10-12 16:33:26.134453,2022-10-12 16:54:31.323555,0 days 00:21:05.189102,54,19,0.000534941791437323,0,COMPLETE
130,0.038159556686878204,2022-10-12 16:35:32.459756,2022-10-12 16:57:04.221137,0 days 00:21:31.761381,54,19,0.0005396827826581254,0,COMPLETE
131,0.04472779110074043,2022-10-12 16:39:54.933788,2022-10-12 16:58:51.976221,0 days 00:18:57.042433,54,17,0.0005387994735992761,0,COMPLETE
132,0.033815786242485046,2022-10-12 16:51:37.010491,2022-10-12 17:10:41.100388,0 days 00:19:04.089897,54,17,0.00087500660943295,0,COMPLETE
133,0.03391721099615097,2022-10-12 16:53:12.983796,2022-10-12 17:12:10.701068,0 days 00:18:57.717272,57,17,0.0008432660137697207,0,COMPLETE
134,0.041247133165597916,2022-10-12 16:54:31.401559,2022-10-12 17:13:22.805105,0 days 00:18:51.403546,57,17,0.0008571030955586284,0,COMPLETE
135,0.03658789023756981,2022-10-12 16:57:04.310081,2022-10-12 17:16:21.096685,0 days 00:19:16.786604,56,17,0.0007934589359053215,0,COMPLETE
136,0.03392195329070091,2022-10-12 16:58:52.065881,2022-10-12 17:18:54.108116,0 days 00:20:02.042235,57,18,0.0008513641150688165,0,COMPLETE
137,0.036872752010822296,2022-10-12 17:10:41.385280,2022-10-12 17:29:39.365004,0 days 00:18:57.979724,57,17,0.0009022559127891232,0,COMPLETE
138,0.03406544774770737,2022-10-12 17:12:10.854240,2022-10-12 17:31:07.263805,0 days 00:18:56.409565,57,17,0.0008553445938354597,0,COMPLETE
139,0.039563048630952835,2022-10-12 17:13:22.871328,2022-10-12 17:33:19.477173,0 days 00:19:56.605845,58,18,0.000789850841246277,0,COMPLETE
140,0.034890227019786835,2022-10-12 17:16:21.193799,2022-10-12 17:35:34.500016,0 days 00:19:13.306217,61,17,0.000837421835038154,0,COMPLETE
141,0.03770199418067932,2022-10-12 17:18:54.199965,2022-10-12 17:37:49.433729,0 days 00:18:55.233764,56,17,0.0008620179981454349,0,COMPLETE
142,0.10915789008140564,2022-10-12 17:29:39.455432,2022-10-12 17:48:50.740740,0 days 00:19:11.285308,61,17,0.0009981154746793418,0,COMPLETE
143,0.7315691709518433,2022-10-12 17:31:07.359303,2022-10-12 17:50:02.985047,0 days 00:18:55.625744,58,17,0.0010260322522874276,0,COMPLETE
144,0.04045542702078819,2022-10-12 17:33:19.544412,2022-10-12 17:52:13.170998,0 days 00:18:53.626586,56,17,0.0009931105458749585,0,COMPLETE
145,0.03350092098116875,2022-10-12 17:35:34.588419,2022-10-12 17:54:47.374314,0 days 00:19:12.785895,61,17,0.0008870942238369944,0,COMPLETE
146,0.07013141363859177,2022-10-12 17:37:49.525641,2022-10-12 17:56:42.497703,0 days 00:18:52.972062,58,17,0.0010657900857160988,0,COMPLETE
147,0.03701226785778999,2022-10-12 17:48:50.836713,2022-10-12 18:08:02.984638,0 days 00:19:12.147925,61,17,0.0011314729353855343,0,COMPLETE
148,0.7312197685241699,2022-10-12 17:50:03.080308,2022-10-12 18:08:56.467297,0 days 00:18:53.386989,61,17,0.0013037375180328182,0,COMPLETE
149,0.7314558625221252,2022-10-12 17:52:13.236636,2022-10-12 18:11:01.910595,0 days 00:18:48.673959,61,17,0.0013987521018143038,0,COMPLETE
150,0.7305792570114136,2022-10-12 17:54:47.462074,2022-10-12 18:13:59.027649,0 days 00:19:11.565575,61,17,0.001929267060001324,0,COMPLETE
151,0.730491042137146,2022-10-12 17:56:42.596273,2022-10-12 18:14:29.385483,0 days 00:17:46.789210,61,16,0.0022910856941585995,0,COMPLETE
152,0.7303171157836914,2022-10-12 18:08:03.250778,2022-10-12 18:26:14.017768,0 days 00:18:10.766990,61,16,0.002422330145325341,0,COMPLETE
153,0.4564346373081207,2022-10-12 18:08:56.983734,2022-10-12 18:26:44.119287,0 days 00:17:47.135553,62,16,0.0021561989906174806,0,COMPLETE
154,0.7310969829559326,2022-10-12 18:11:01.992306,2022-10-12 18:28:43.834486,0 days 00:17:41.842180,60,16,0.0018096153533142065,0,COMPLETE
155,0.05297603830695152,2022-10-12 18:13:59.175818,2022-10-12 18:32:03.168069,0 days 00:18:03.992251,60,16,0.00042259593746128254,0,COMPLETE
156,0.0470333956182003,2022-10-12 18:14:29.488288,2022-10-12 18:32:15.152524,0 days 00:17:45.664236,60,16,0.0004272971598855114,0,COMPLETE
157,0.0425020232796669,2022-10-12 18:26:14.109797,2022-10-12 18:46:34.736885,0 days 00:20:20.627088,60,18,0.000422473582451228,0,COMPLETE
158,0.04846970736980438,2022-10-12 18:26:44.216302,2022-10-12 18:46:50.471704,0 days 00:20:06.255402,53,18,0.00043506525086266375,0,COMPLETE
159,0.052176520228385925,2022-10-12 18:28:43.899655,2022-10-12 18:41:03.024999,0 days 00:12:19.125344,64,11,0.00042798481517859126,0,COMPLETE
160,0.04437651485204697,2022-10-12 18:32:03.257661,2022-10-12 18:44:48.661695,0 days 00:12:45.404034,64,11,0.0008487775055270675,0,COMPLETE
161,0.039456501603126526,2022-10-12 18:32:15.246174,2022-10-12 18:52:04.265111,0 days 00:19:49.018937,64,18,0.0008580564622655264,0,COMPLETE
162,0.06733954697847366,2022-10-12 18:41:03.092557,2022-10-12 18:55:14.060446,0 days 00:14:10.967889,56,18,0.0008253428552534946,1,COMPLETE
163,0.06511141359806061,2022-10-12 18:44:48.756012,2022-10-12 18:59:22.768612,0 days 00:14:34.012600,53,18,0.001159287140591227,1,COMPLETE
164,0.07170463353395462,2022-10-12 18:46:34.838063,2022-10-12 19:00:25.068486,0 days 00:13:50.230423,58,17,0.0002824483126002734,1,COMPLETE
165,0.033940576016902924,2022-10-12 18:46:50.572134,2022-10-12 19:06:53.420419,0 days 00:20:02.848285,56,18,0.0007337744033671127,0,COMPLETE
166,0.03587886691093445,2022-10-12 18:52:04.335284,2022-10-12 19:12:04.676812,0 days 00:20:00.341528,56,18,0.0006692757342709157,0,COMPLETE
167,0.04121692478656769,2022-10-12 18:55:14.127739,2022-10-12 19:14:05.415634,0 days 00:18:51.287895,58,17,0.0006353051136023132,0,COMPLETE
168,0.040700484067201614,2022-10-12 18:59:22.857920,2022-10-12 19:18:39.727140,0 days 00:19:16.869220,58,17,0.0006651272170650469,0,COMPLETE
169,0.03866055980324745,2022-10-12 19:00:25.782190,2022-10-12 19:19:47.841243,0 days 00:19:22.059053,56,17,0.0006184315612757482,0,COMPLETE
170,0.03719541057944298,2022-10-12 19:06:53.574269,2022-10-12 19:25:52.776322,0 days 00:18:59.202053,56,17,0.0006471621916327998,0,COMPLETE
171,0.03595886006951332,2022-10-12 19:12:04.749218,2022-10-12 19:33:10.330303,0 days 00:21:05.581085,56,19,0.0006385079612028744,0,COMPLETE
172,0.03643064200878143,2022-10-12 19:14:05.483506,2022-10-12 19:34:01.325100,0 days 00:19:55.841594,56,18,0.0007098181068493395,0,COMPLETE
173,0.04222240298986435,2022-10-12 19:18:39.826197,2022-10-12 19:39:04.786833,0 days 00:20:24.960636,56,18,0.0009272110463447228,0,COMPLETE
174,0.03152643144130707,2022-10-12 19:19:47.946622,2022-10-12 19:40:52.973388,0 days 00:21:05.026766,33,18,0.0009648184982826569,0,COMPLETE
175,0.03481445461511612,2022-10-12 19:25:52.873373,2022-10-12 19:46:44.973611,0 days 00:20:52.100238,33,18,0.0010587144132578232,0,COMPLETE
176,0.03498080000281334,2022-10-12 19:33:10.404925,2022-10-12 19:54:17.134255,0 days 00:21:06.729330,55,19,0.0009730382654255023,0,COMPLETE
177,0.03638097271323204,2022-10-12 19:34:01.391585,2022-10-12 19:55:07.205590,0 days 00:21:05.814005,55,19,0.000764379368357234,0,COMPLETE
178,0.03615344315767288,2022-10-12 19:39:04.883123,2022-10-12 20:00:34.112032,0 days 00:21:29.228909,55,19,0.0007497078133370416,0,COMPLETE
179,0.034381646662950516,2022-10-12 19:40:53.070658,2022-10-12 20:01:49.586059,0 days 00:20:56.515401,34,18,0.0007658598356356499,0,COMPLETE
180,0.02949521504342556,2022-10-12 19:46:45.070472,2022-10-12 20:08:50.527167,0 days 00:22:05.456695,32,19,0.0010869003459758138,0,COMPLETE
181,0.040212132036685944,2022-10-12 19:54:17.204638,2022-10-12 20:15:23.759203,0 days 00:21:06.554565,55,19,0.001261791325509133,0,COMPLETE
182,0.7301492691040039,2022-10-12 19:55:07.273577,2022-10-12 20:17:00.629630,0 days 00:21:53.356053,32,19,0.0014635488407787319,0,COMPLETE
183,0.7310343384742737,2022-10-12 20:00:34.410961,2022-10-12 20:22:45.879432,0 days 00:22:11.468471,33,19,0.001485461803742511,0,COMPLETE
184,0.03650142624974251,2022-10-12 20:01:49.734837,2022-10-12 20:24:02.706791,0 days 00:22:12.971954,33,19,0.0014394512961174318,0,COMPLETE
185,0.03721296414732933,2022-10-12 20:08:50.682445,2022-10-12 20:30:54.127343,0 days 00:22:03.444898,32,19,0.001492918229150225,0,COMPLETE
186,0.029886187985539436,2022-10-12 20:15:23.834204,2022-10-12 20:37:20.478844,0 days 00:21:56.644640,33,19,0.0010353783952198486,0,COMPLETE
187,0.02928396314382553,2022-10-12 20:17:00.701724,2022-10-12 20:38:49.091862,0 days 00:21:48.390138,33,19,0.0010863187910237705,0,COMPLETE
188,0.030305711552500725,2022-10-12 20:22:45.973311,2022-10-12 20:44:54.334645,0 days 00:22:08.361334,34,19,0.0010688532514118638,0,COMPLETE
189,0.031085914000868797,2022-10-12 20:24:02.808407,2022-10-12 20:47:20.947839,0 days 00:23:18.139432,34,20,0.0010629393734194602,0,COMPLETE
190,0.03502768278121948,2022-10-12 20:30:54.219153,2022-10-12 20:53:57.310515,0 days 00:23:03.091362,35,20,0.0010430066492591423,0,COMPLETE
191,0.7310790419578552,2022-10-12 20:37:20.550381,2022-10-12 21:00:17.485198,0 days 00:22:56.934817,34,20,0.0011951859397939064,0,COMPLETE
192,0.03754258155822754,2022-10-12 20:38:49.159003,2022-10-12 21:01:40.441627,0 days 00:22:51.282624,34,20,0.0010793286980852236,0,COMPLETE
193,0.7306846976280212,2022-10-12 20:44:54.435779,2022-10-12 21:08:09.680519,0 days 00:23:15.244740,35,20,0.0010846280284416716,0,COMPLETE
194,0.028947537764906883,2022-10-12 20:47:21.043642,2022-10-12 21:10:31.440393,0 days 00:23:10.396751,36,20,0.0010256161456149845,0,COMPLETE
195,0.7307052612304688,2022-10-12 20:53:57.411233,2022-10-12 21:17:00.672395,0 days 00:23:03.261162,35,20,0.0010829037913339676,0,COMPLETE
196,0.03330026939511299,2022-10-12 21:00:17.767369,2022-10-12 21:23:11.809547,0 days 00:22:54.042178,36,20,0.001016935456433942,0,COMPLETE
197,0.030631281435489655,2022-10-12 21:01:40.508894,2022-10-12 21:24:30.275531,0 days 00:22:49.766637,36,20,0.0010614467949260661,0,COMPLETE
198,0.03153911978006363,2022-10-12 21:08:09.781097,2022-10-12 21:31:19.895711,0 days 00:23:10.114614,36,20,0.0009604999526027566,0,COMPLETE
199,0.034056682139635086,2022-10-12 21:10:31.545262,2022-10-12 21:33:27.816188,0 days 00:22:56.270926,35,20,0.0009762707403296895,0,COMPLETE
200,0.7309577465057373,2022-10-12 21:17:00.778548,2022-10-12 21:40:00.731122,0 days 00:22:59.952574,36,20,0.0009791201714239458,0,COMPLETE
201,0.7308161854743958,2022-10-12 21:23:11.882175,2022-10-12 21:46:05.894733,0 days 00:22:54.012558,36,20,0.0009233792914187692,0,COMPLETE
202,0.028317682445049286,2022-10-12 21:24:30.345879,2022-10-12 21:47:13.688968,0 days 00:22:43.343089,37,20,0.0009707778248540073,0,COMPLETE
203,0.7312455177307129,2022-10-12 21:31:19.989391,2022-10-12 21:54:26.701275,0 days 00:23:06.711884,37,20,0.0017465291315856047,0,COMPLETE
204,0.03504906967282295,2022-10-12 21:33:27.914291,2022-10-12 21:56:19.502411,0 days 00:22:51.588120,36,20,0.001263124324084752,0,COMPLETE
205,0.7307443022727966,2022-10-12 21:40:00.831981,2022-10-12 22:02:57.243995,0 days 00:22:56.412014,37,20,0.0018629940869407014,0,COMPLETE
206,0.730196475982666,2022-10-12 21:46:05.969540,2022-10-12 22:09:13.895338,0 days 00:23:07.925798,32,20,0.0017507580693432983,0,COMPLETE
207,0.03249519690871239,2022-10-12 21:47:13.773295,2022-10-12 22:10:08.443266,0 days 00:22:54.669971,33,20,0.001235238296491024,0,COMPLETE
208,0.0371435321867466,2022-10-12 21:54:26.804580,2022-10-12 22:17:51.250903,0 days 00:23:24.446323,32,20,0.0013546698546020844,0,COMPLETE
209,0.7307060360908508,2022-10-12 21:56:19.598613,2022-10-12 22:19:43.385183,0 days 00:23:23.786570,32,20,0.0012617676137745555,0,COMPLETE
210,0.032364003360271454,2022-10-12 22:02:57.453176,2022-10-12 22:26:12.989758,0 days 00:23:15.536582,32,20,0.001164708963892904,0,COMPLETE
211,0.731005847454071,2022-10-12 22:09:13.971508,2022-10-12 22:32:11.062908,0 days 00:22:57.091400,34,20,0.0012180482968446055,0,COMPLETE
212,0.06679252535104752,2022-10-12 22:10:08.510471,2022-10-12 22:32:58.422830,0 days 00:22:49.912359,38,20,8.30059969038717e-05,0,COMPLETE
213,0.03319152072072029,2022-10-12 22:17:51.345152,2022-10-12 22:41:04.311775,0 days 00:23:12.966623,34,20,0.001260161674127366,0,COMPLETE
214,0.030378254130482674,2022-10-12 22:19:43.488681,2022-10-12 22:42:35.437437,0 days 00:22:51.948756,38,20,0.0009012829981097449,0,COMPLETE
215,0.02989031746983528,2022-10-12 22:26:13.089584,2022-10-12 22:49:14.728253,0 days 00:23:01.638669,38,20,0.0008794256223663565,0,COMPLETE
216,0.02909993939101696,2022-10-12 22:32:11.136494,2022-10-12 22:55:08.332112,0 days 00:22:57.195618,38,20,0.0009168220026312501,0,COMPLETE
217,0.03132040798664093,2022-10-12 22:32:58.491928,2022-10-12 22:55:48.934194,0 days 00:22:50.442266,34,20,0.0010228922267868348,0,COMPLETE
218,0.031598735600709915,2022-10-12 22:41:04.406151,2022-10-12 23:04:39.760895,0 days 00:23:35.354744,30,20,0.0009128918898392444,0,COMPLETE
219,0.03273842856287956,2022-10-12 22:42:35.534665,2022-10-12 23:05:41.144004,0 days 00:23:05.609339,37,20,0.0009279715991949847,0,COMPLETE
220,0.03582138940691948,2022-10-12 22:49:14.836241,2022-10-12 23:12:03.690393,0 days 00:22:48.854152,39,20,0.0015625027342704005,0,COMPLETE
221,0.48918417096138,2022-10-12 22:55:08.406437,2022-10-12 23:17:50.997810,0 days 00:22:42.591373,39,20,0.001598864852937977,0,COMPLETE
222,0.730564534664154,2022-10-12 22:55:49.005326,2022-10-12 23:18:21.230593,0 days 00:22:32.225267,40,20,0.0016280010080369442,0,COMPLETE
223,0.032060656696558,2022-10-12 23:04:39.981058,2022-10-12 23:27:44.310926,0 days 00:23:04.329868,39,20,0.0015857898704728414,0,COMPLETE
224,0.7314249873161316,2022-10-12 23:05:41.243517,2022-10-12 23:28:33.448010,0 days 00:22:52.204493,41,20,0.0015958958461704104,0,COMPLETE
225,0.03134012967348099,2022-10-12 23:12:03.844652,2022-10-12 23:35:04.143471,0 days 00:23:00.298819,38,20,0.0011854368509398325,0,COMPLETE
226,0.03230787068605423,2022-10-12 23:17:51.076370,2022-10-12 23:40:48.072164,0 days 00:22:56.995794,38,20,0.001187552639779972,0,COMPLETE
227,0.032930877059698105,2022-10-12 23:18:21.306359,2022-10-12 23:41:05.331795,0 days 00:22:44.025436,37,20,0.001253304879519682,0,COMPLETE
228,0.03210623934864998,2022-10-12 23:27:44.406338,2022-10-12 23:50:51.813353,0 days 00:23:07.407015,37,20,0.0012872854739020498,0,COMPLETE
229,0.0784521996974945,2022-10-12 23:28:33.554410,2022-10-12 23:51:26.228750,0 days 00:22:52.674340,38,20,0.0012676529823023484,0,COMPLETE
230,0.034480754286050797,2022-10-12 23:35:04.241949,2022-10-12 23:58:05.116702,0 days 00:23:00.874753,38,20,0.0012065050546217384,0,COMPLETE
231,0.0339001789689064,2022-10-12 23:40:48.146933,2022-10-13 00:03:44.177062,0 days 00:22:56.030129,38,20,0.0012508534156393525,0,COMPLETE
232,0.03393442928791046,2022-10-12 23:41:05.400590,2022-10-13 00:03:57.112667,0 days 00:22:51.712077,38,20,0.0013080975920529037,0,COMPLETE
233,0.03310244157910347,2022-10-12 23:50:51.914370,2022-10-13 00:14:07.078407,0 days 00:23:15.164037,38,20,0.001243360334935762,0,COMPLETE
234,0.7313334345817566,2022-10-12 23:51:26.335772,2022-10-13 00:14:30.544643,0 days 00:23:04.208871,37,20,0.001967197202598786,0,COMPLETE
235,0.030330786481499672,2022-10-12 23:58:05.223410,2022-10-13 00:20:59.612194,0 days 00:22:54.388784,37,20,0.0013871004110485275,0,COMPLETE
236,0.029017774388194084,2022-10-13 00:03:44.386946,2022-10-13 00:26:32.894690,0 days 00:22:48.507744,37,20,0.001338601853331834,0,COMPLETE
237,0.0361967496573925,2022-10-13 00:03:57.182815,2022-10-13 00:26:39.725587,0 days 00:22:42.542772,37,20,0.0010955882879777736,0,COMPLETE
238,0.034004028886556625,2022-10-13 00:14:07.176512,2022-10-13 00:37:16.166024,0 days 00:23:08.989512,37,20,0.0010727641346299172,0,COMPLETE
239,0.03450175002217293,2022-10-13 00:14:30.652288,2022-10-13 00:37:09.764236,0 days 00:22:39.111948,40,20,0.0010812337248273314,0,COMPLETE
240,0.03034370206296444,2022-10-13 00:20:59.712249,2022-10-13 00:42:37.945009,0 days 00:21:38.232760,40,19,0.0010655938569990285,0,COMPLETE
241,0.033808398991823196,2022-10-13 00:26:32.971488,2022-10-13 00:48:15.179341,0 days 00:21:42.207853,37,19,0.0010810455645171478,0,COMPLETE
242,0.031825948506593704,2022-10-13 00:26:39.797999,2022-10-13 00:48:39.784856,0 days 00:21:59.986857,31,19,0.0010139478775221672,0,COMPLETE
243,0.7298027276992798,2022-10-13 00:37:09.873210,2022-10-13 00:59:11.912340,0 days 00:22:02.039130,31,19,0.00266724632223342,0,COMPLETE
244,0.2699805498123169,2022-10-13 00:37:16.257078,2022-10-13 00:59:40.690489,0 days 00:22:24.433411,30,19,0.0016044475802529969,0,COMPLETE
245,0.730421245098114,2022-10-13 00:42:38.047283,2022-10-13 01:04:56.606066,0 days 00:22:18.558783,30,19,0.0014085972888498062,0,COMPLETE
246,0.7315131425857544,2022-10-13 00:48:15.255983,2022-10-13 01:10:24.957622,0 days 00:22:09.701639,30,19,0.0009343765927248111,0,COMPLETE
247,0.7309266328811646,2022-10-13 00:48:39.855532,2022-10-13 01:10:39.828865,0 days 00:21:59.973333,31,19,0.0014473582955401114,0,COMPLETE
248,0.0325842909514904,2022-10-13 00:59:12.012785,2022-10-13 01:20:39.869895,0 days 00:21:27.857110,41,19,0.0014600324720851418,0,COMPLETE
249,0.7308908700942993,2022-10-13 00:59:40.792645,2022-10-13 01:21:40.470381,0 days 00:21:59.677736,39,19,0.0014218602420005063,0,COMPLETE
250,0.03383525460958481,2022-10-13 01:04:56.900829,2022-10-13 01:26:39.788740,0 days 00:21:42.887911,39,19,0.0009348387690893577,0,COMPLETE
251,0.7309491634368896,2022-10-13 01:10:25.033871,2022-10-13 01:31:53.540798,0 days 00:21:28.506927,42,19,0.0014470656778728832,0,COMPLETE
252,0.7307995557785034,2022-10-13 01:10:39.900415,2022-10-13 01:33:10.963827,0 days 00:22:31.063412,42,20,0.0018936087064061885,0,COMPLETE
253,0.040087584406137466,2022-10-13 01:20:39.970256,2022-10-13 01:43:18.776067,0 days 00:22:38.805811,39,20,0.002043019124203113,0,COMPLETE
254,0.7306005954742432,2022-10-13 01:21:40.568957,2022-10-13 01:45:00.026709,0 days 00:23:19.457752,33,20,0.0020771033555134996,0,COMPLETE
255,0.0343438982963562,2022-10-13 01:26:39.890905,2022-10-13 01:49:48.537573,0 days 00:23:08.646668,33,20,0.0009931890093665575,0,COMPLETE
256,0.7302295565605164,2022-10-13 01:31:53.633649,2022-10-13 01:54:50.279125,0 days 00:22:56.645476,35,20,0.002129897015183724,0,COMPLETE
257,0.0310526005923748,2022-10-13 01:33:11.041283,2022-10-13 01:56:02.460800,0 days 00:22:51.419517,35,20,0.0010686435278653924,0,COMPLETE
258,0.029013745486736298,2022-10-13 01:43:18.888033,2022-10-13 02:06:11.596336,0 days 00:22:52.708303,33,20,0.0010760409857226128,0,COMPLETE
259,0.7309300899505615,2022-10-13 01:45:00.135198,2022-10-13 02:08:16.114641,0 days 00:23:15.979443,35,20,0.0010667048476846672,0,COMPLETE
260,0.7305076718330383,2022-10-13 01:49:48.644940,2022-10-13 02:12:51.600820,0 days 00:23:02.955880,35,20,0.0011092790166005208,0,COMPLETE
261,0.7307763695716858,2022-10-13 01:54:50.360640,2022-10-13 02:17:44.188975,0 days 00:22:53.828335,36,20,0.0011103983424680449,0,COMPLETE
262,0.03203950822353363,2022-10-13 01:56:02.534488,2022-10-13 02:19:26.339743,0 days 00:23:23.805255,28,20,0.0009031352469936941,0,COMPLETE
263,0.03613894805312157,2022-10-13 02:06:11.874319,2022-10-13 02:28:57.808123,0 days 00:22:45.933804,35,20,0.0009021363447499674,0,COMPLETE
264,0.031093668192625046,2022-10-13 02:08:16.227450,2022-10-13 02:31:27.311517,0 days 00:23:11.084067,36,20,0.0009076156113553531,0,COMPLETE
265,0.03537770360708237,2022-10-13 02:12:51.759483,2022-10-13 02:34:45.494975,0 days 00:21:53.735492,36,19,0.0009444168878264283,0,COMPLETE
266,0.032829996198415756,2022-10-13 02:17:44.269734,2022-10-13 02:39:30.796925,0 days 00:21:46.527191,36,19,0.0008615115891343645,0,COMPLETE
267,0.035505037754774094,2022-10-13 02:19:26.416422,2022-10-13 02:41:41.515888,0 days 00:22:15.099466,28,19,0.0008375233299590527,0,COMPLETE
268,0.02997870184481144,2022-10-13 02:28:57.912709,2022-10-13 02:51:01.829223,0 days 00:22:03.916514,29,19,0.0008082380108232344,0,COMPLETE
269,0.032659269869327545,2022-10-13 02:31:27.415494,2022-10-13 02:53:58.264331,0 days 00:22:30.848837,29,19,0.000799447809834542,0,COMPLETE
270,0.03314044326543808,2022-10-13 02:34:45.600599,2022-10-13 02:56:43.149919,0 days 00:21:57.549320,34,19,0.0007631244186923847,0,COMPLETE
271,0.028462473303079605,2022-10-13 02:39:30.877580,2022-10-13 03:02:27.050272,0 days 00:22:56.172692,34,20,0.0007909142848509828,0,COMPLETE
272,0.027579400688409805,2022-10-13 02:41:41.591547,2022-10-13 03:04:56.148613,0 days 00:23:14.557066,29,20,0.0008013033227284524,0,COMPLETE
273,0.02906363271176815,2022-10-13 02:51:01.937822,2022-10-13 03:13:23.576212,0 days 00:22:21.638390,27,19,0.0007892485664259621,0,COMPLETE
274,0.029029984027147293,2022-10-13 02:53:58.367483,2022-10-13 03:16:38.639178,0 days 00:22:40.271695,27,19,0.0007788017594980212,0,COMPLETE
275,0.15044745802879333,2022-10-13 02:56:43.259707,2022-10-13 03:19:08.501824,0 days 00:22:25.242117,29,19,0.0008108437696082297,0,COMPLETE
276,0.03418445959687233,2022-10-13 03:02:27.343869,2022-10-13 03:24:17.710686,0 days 00:21:50.366817,34,19,0.0007382439315744689,0,COMPLETE
277,0.03265310451388359,2022-10-13 03:04:56.220899,2022-10-13 03:27:47.267690,0 days 00:22:51.046791,34,20,0.0005756190169059351,0,COMPLETE
278,0.028662661090493202,2022-10-13 03:13:23.745672,2022-10-13 03:35:48.956447,0 days 00:22:25.210775,26,19,0.0005623113919598744,0,COMPLETE
279,0.03286021575331688,2022-10-13 03:16:38.740367,2022-10-13 03:38:46.613569,0 days 00:22:07.873202,34,19,0.0007505877681050036,0,COMPLETE
280,0.03122425079345703,2022-10-13 03:19:08.602060,2022-10-13 03:42:07.847387,0 days 00:22:59.245327,24,19,0.0005654466561492702,0,COMPLETE
281,0.03266176953911781,2022-10-13 03:24:17.793661,2022-10-13 03:46:46.567468,0 days 00:22:28.773807,27,19,0.0006326236620984135,0,COMPLETE
282,0.7318766117095947,2022-10-13 03:27:47.344421,2022-10-13 03:50:10.469413,0 days 00:22:23.124992,27,19,0.0006043810189072312,0,COMPLETE
283,0.03266705572605133,2022-10-13 03:35:49.119474,2022-10-13 03:57:30.391866,0 days 00:21:41.272392,36,19,0.0005960133620170895,0,COMPLETE
284,0.030961815267801285,2022-10-13 03:38:46.717994,2022-10-13 04:00:49.866498,0 days 00:22:03.148504,36,19,0.0005788272077347392,0,COMPLETE
285,0.030845053493976593,2022-10-13 03:42:07.953832,2022-10-13 04:05:10.815199,0 days 00:23:02.861367,24,19,0.0005062957600167062,0,COMPLETE
286,0.032152604311704636,2022-10-13 03:46:46.648189,2022-10-13 04:09:31.545908,0 days 00:22:44.897719,25,19,0.0005091202406063051,0,COMPLETE
287,0.0338592566549778,2022-10-13 03:50:10.548367,2022-10-13 04:12:43.525421,0 days 00:22:32.977054,25,19,0.0005559826386350673,0,COMPLETE
288,0.03498467803001404,2022-10-13 03:57:30.500345,2022-10-13 04:20:01.402375,0 days 00:22:30.902030,25,19,0.0005120730919737466,0,COMPLETE
289,0.03259710967540741,2022-10-13 04:00:50.122772,2022-10-13 04:23:43.209616,0 days 00:22:53.086844,25,19,0.0005823567550422743,0,COMPLETE
290,0.03223991394042969,2022-10-13 04:05:10.981704,2022-10-13 04:27:58.845849,0 days 00:22:47.864145,26,19,0.00048083736576274097,0,COMPLETE
291,0.03489241749048233,2022-10-13 04:09:31.627454,2022-10-13 04:32:16.026449,0 days 00:22:44.398995,25,19,0.00047048897044152637,0,COMPLETE
292,0.03208477795124054,2022-10-13 04:12:43.605674,2022-10-13 04:35:21.563564,0 days 00:22:37.957890,24,19,0.000476049164210982,0,COMPLETE
293,0.028687844052910805,2022-10-13 04:20:01.560488,2022-10-13 04:42:36.740394,0 days 00:22:35.179906,24,19,0.0007376673337692833,0,COMPLETE
294,0.03239956870675087,2022-10-13 04:23:43.306734,2022-10-13 04:46:50.863002,0 days 00:23:07.556268,23,19,0.0007752038385300316,0,COMPLETE
295,0.030570054426789284,2022-10-13 04:27:58.955290,2022-10-13 04:51:02.521755,0 days 00:23:03.566465,35,20,0.0007568522878169533,0,COMPLETE
296,0.029961317777633667,2022-10-13 04:32:16.110483,2022-10-13 04:56:27.657665,0 days 00:24:11.547182,23,20,0.0007362284524351049,0,COMPLETE
297,0.03206197917461395,2022-10-13 04:35:21.642801,2022-10-13 04:58:57.634551,0 days 00:23:35.991750,26,20,0.0007279953821939741,0,COMPLETE
298,0.029684681445360184,2022-10-13 04:42:36.843238,2022-10-13 05:05:23.077112,0 days 00:22:46.233874,23,19,0.000705878047821674,0,COMPLETE
299,0.03211564943194389,2022-10-13 04:46:50.973636,2022-10-13 05:10:40.551136,0 days 00:23:49.577500,27,20,0.0006870783508142762,0,COMPLETE
300,0.031005436554551125,2022-10-13 04:51:02.627309,2022-10-13 05:13:42.208017,0 days 00:22:39.580708,27,19,0.0006893519443980994,0,COMPLETE
301,0.030432062223553658,2022-10-13 04:56:27.741513,2022-10-13 05:18:58.314799,0 days 00:22:30.573286,27,19,0.0007155123652722469,0,COMPLETE
302,0.028113897889852524,2022-10-13 04:58:57.714695,2022-10-13 05:22:03.131530,0 days 00:23:05.416835,21,19,0.0006695269955461448,0,COMPLETE
303,0.030419113114476204,2022-10-13 05:05:23.409172,2022-10-13 05:28:24.545312,0 days 00:23:01.136140,21,19,0.0006855639678448678,0,COMPLETE
304,0.034037668257951736,2022-10-13 05:10:40.662792,2022-10-13 05:33:57.439242,0 days 00:23:16.776450,22,19,0.0007289297137176567,0,COMPLETE
305,0.030657660216093063,2022-10-13 05:13:42.368491,2022-10-13 05:36:43.166297,0 days 00:23:00.797806,24,19,0.0008051768513624175,0,COMPLETE
306,0.03203844279050827,2022-10-13 05:18:58.401741,2022-10-13 05:43:11.007718,0 days 00:24:12.605977,23,20,0.0007940908832296897,0,COMPLETE
307,0.031355276703834534,2022-10-13 05:22:03.214810,2022-10-13 05:45:08.505016,0 days 00:23:05.290206,21,19,0.000791436285018526,0,COMPLETE
308,0.03137843683362007,2022-10-13 05:28:24.654696,2022-10-13 05:51:24.726571,0 days 00:23:00.071875,22,19,0.0006694384348337742,0,COMPLETE
309,0.029676387086510658,2022-10-13 05:33:57.546403,2022-10-13 05:57:13.004389,0 days 00:23:15.457986,22,19,0.0006356266481422472,0,COMPLETE
310,0.03018859587609768,2022-10-13 05:36:43.281350,2022-10-13 06:00:15.887505,0 days 00:23:32.606155,21,19,0.0006482446717137292,0,COMPLETE
311,0.029379088431596756,2022-10-13 05:43:11.091794,2022-10-13 06:06:33.264491,0 days 00:23:22.172697,21,19,0.0006299486628685786,0,COMPLETE
312,0.03010673262178898,2022-10-13 05:45:08.585577,2022-10-13 06:08:18.187522,0 days 00:23:09.601945,21,19,0.0006475200377550894,0,COMPLETE
313,0.03544662520289421,2022-10-13 05:51:24.832253,2022-10-13 06:14:31.894679,0 days 00:23:07.062426,21,19,0.00035893729539929133,0,COMPLETE
314,0.02935817465186119,2022-10-13 05:57:13.108766,2022-10-13 06:20:40.770070,0 days 00:23:27.661304,20,19,0.0006084664801733209,0,COMPLETE
315,0.032631389796733856,2022-10-13 06:00:16.600661,2022-10-13 06:23:35.813663,0 days 00:23:19.213002,23,19,0.0006093255684623343,0,COMPLETE
316,0.0308612622320652,2022-10-13 06:06:33.472105,2022-10-13 06:29:57.895837,0 days 00:23:24.423732,21,19,0.0006193899792842126,0,COMPLETE
317,0.03388554975390434,2022-10-13 06:08:18.268677,2022-10-13 06:31:36.067087,0 days 00:23:17.798410,20,19,0.0004081937976071365,0,COMPLETE
318,0.03170187398791313,2022-10-13 06:14:32.070091,2022-10-13 06:37:52.277118,0 days 00:23:20.207027,20,19,0.0005975546346416835,0,COMPLETE
319,0.032402195036411285,2022-10-13 06:20:40.875656,2022-10-13 06:44:30.000565,0 days 00:23:49.124909,19,19,0.0006050944223629468,0,COMPLETE
320,0.030888669192790985,2022-10-13 06:23:35.938570,2022-10-13 06:47:44.358866,0 days 00:24:08.420296,19,19,0.0004041400316077817,0,COMPLETE
321,0.029341768473386765,2022-10-13 06:29:57.984787,2022-10-13 06:53:48.518927,0 days 00:23:50.534140,19,19,0.0003831912212547394,0,COMPLETE
322,0.028917768970131874,2022-10-13 06:31:36.148289,2022-10-13 06:55:07.186538,0 days 00:23:31.038249,19,19,0.0005130998563594525,0,COMPLETE
323,0.0323609821498394,2022-10-13 06:37:52.387584,2022-10-13 07:01:31.807061,0 days 00:23:39.419477,19,19,0.000495442576096803,0,COMPLETE
324,0.03470771014690399,2022-10-13 06:44:30.106727,2022-10-13 07:07:43.545476,0 days 00:23:13.438749,22,19,0.0003004470323142449,0,COMPLETE
325,0.06356716901063919,2022-10-13 06:47:44.487584,2022-10-13 07:03:32.191567,0 days 00:15:47.703983,22,19,0.00048418912365588777,1,COMPLETE
326,0.03918840363621712,2022-10-13 06:53:48.602869,2022-10-13 07:17:01.202065,0 days 00:23:12.599196,22,19,0.0002980255111389389,0,COMPLETE
327,0.030927084386348724,2022-10-13 06:55:07.264720,2022-10-13 07:19:03.515675,0 days 00:23:56.250955,18,19,0.00046669017523503646,0,COMPLETE
328,0.06830137223005295,2022-10-13 07:01:32.096742,2022-10-13 07:16:33.543358,0 days 00:15:01.446616,18,18,0.00047979726339063793,1,COMPLETE
329,0.03449813649058342,2022-10-13 07:03:32.363925,2022-10-13 07:26:42.487780,0 days 00:23:10.123855,18,18,0.00034718082683495195,0,COMPLETE
330,0.032976362854242325,2022-10-13 07:07:43.649999,2022-10-13 07:30:35.771170,0 days 00:22:52.121171,18,18,0.00036178529292278774,0,COMPLETE
331,0.03295110911130905,2022-10-13 07:16:33.652785,2022-10-13 07:39:29.064908,0 days 00:22:55.412123,17,18,0.0003455645687629122,0,COMPLETE
332,0.03264845907688141,2022-10-13 07:17:01.316899,2022-10-13 07:40:03.214995,0 days 00:23:01.898096,18,18,0.00034562059051599346,0,COMPLETE
333,0.03429513797163963,2022-10-13 07:19:03.600465,2022-10-13 07:41:18.190693,0 days 00:22:14.590228,20,18,0.00038772539713819175,0,COMPLETE
334,0.031615935266017914,2022-10-13 07:26:42.582447,2022-10-13 07:48:56.226754,0 days 00:22:13.644307,23,18,0.0005605605635369728,0,COMPLETE
335,0.029229750856757164,2022-10-13 07:30:35.888600,2022-10-13 07:55:18.406291,0 days 00:24:42.517691,20,20,0.0005616357209023621,0,COMPLETE
336,0.032581303268671036,2022-10-13 07:39:29.175471,2022-10-13 08:04:08.754125,0 days 00:24:39.578654,20,20,0.000531675699500474,0,COMPLETE
337,0.03053176961839199,2022-10-13 07:40:03.326520,2022-10-13 08:04:27.575811,0 days 00:24:24.249291,23,20,0.0005484516414553716,0,COMPLETE
338,0.05814557895064354,2022-10-13 07:41:18.275628,2022-10-13 08:05:59.008198,0 days 00:24:40.732570,20,20,0.00011090840486182912,0,COMPLETE
339,0.028369959443807602,2022-10-13 07:48:56.316029,2022-10-13 08:13:35.291405,0 days 00:24:38.975376,23,20,0.0008068203573380246,0,COMPLETE
340,0.05251574143767357,2022-10-13 07:55:18.522117,2022-10-13 08:19:03.064712,0 days 00:23:44.542595,28,20,0.00013231646868170325,0,COMPLETE
341,0.030520949512720108,2022-10-13 08:04:09.078700,2022-10-13 08:28:16.954634,0 days 00:24:07.875934,23,20,0.0007511036314336563,0,COMPLETE
342,0.02966117672622204,2022-10-13 08:04:27.747215,2022-10-13 08:28:10.321523,0 days 00:23:42.574308,28,20,0.0008099639742386157,0,COMPLETE
343,0.03002081625163555,2022-10-13 08:05:59.093492,2022-10-13 08:29:34.260790,0 days 00:23:35.167298,28,20,0.0007966550855351058,0,COMPLETE
344,0.02921893447637558,2022-10-13 08:13:35.379462,2022-10-13 08:38:09.435349,0 days 00:24:34.055887,23,20,0.0008487701067226793,0,COMPLETE
345,0.03127429634332657,2022-10-13 08:19:03.169941,2022-10-13 08:43:20.751206,0 days 00:24:17.581265,23,20,0.0008314920136215236,0,COMPLETE
346,0.03338751941919327,2022-10-13 08:28:10.436504,2022-10-13 08:52:03.221526,0 days 00:23:52.785022,26,20,0.0008018518231671534,0,COMPLETE
347,0.03360893949866295,2022-10-13 08:28:17.054888,2022-10-13 08:52:00.616048,0 days 00:23:43.561160,26,20,0.0008748668471858265,0,COMPLETE
348,0.033570270985364914,2022-10-13 08:29:34.365400,2022-10-13 08:53:13.605622,0 days 00:23:39.240222,26,20,0.0008803207030352592,0,COMPLETE
349,0.030993878841400146,2022-10-13 08:38:09.521562,2022-10-13 09:02:11.948105,0 days 00:24:02.426543,26,20,0.0008698173347242094,0,COMPLETE
350,0.029457060620188713,2022-10-13 08:43:20.857205,2022-10-13 09:07:27.693946,0 days 00:24:06.836741,24,20,0.0006502147671468915,0,COMPLETE
351,0.032472237944602966,2022-10-13 08:52:00.742776,2022-10-13 09:16:24.078004,0 days 00:24:23.335228,21,20,0.0006102055051510767,0,COMPLETE
352,0.02818804420530796,2022-10-13 08:52:03.322781,2022-10-13 09:16:19.082220,0 days 00:24:15.759439,24,20,0.0006447152538885135,0,COMPLETE
353,0.028681525960564613,2022-10-13 08:53:13.693392,2022-10-13 09:17:27.469077,0 days 00:24:13.775685,21,20,0.0006238145665233753,0,COMPLETE
354,0.02992016077041626,2022-10-13 09:02:12.239617,2022-10-13 09:26:26.534339,0 days 00:24:14.294722,24,20,0.0006476058670448545,0,COMPLETE
355,0.030649127438664436,2022-10-13 09:07:27.804691,2022-10-13 09:31:32.583688,0 days 00:24:04.778997,24,20,0.0006014843152624933,0,COMPLETE
356,0.03217330574989319,2022-10-13 09:16:19.197302,2022-10-13 09:40:34.954978,0 days 00:24:15.757676,24,20,0.000472808381047963,0,COMPLETE
357,0.030605677515268326,2022-10-13 09:16:24.443370,2022-10-13 09:40:12.077370,0 days 00:23:47.634000,24,20,0.0004364169247529877,0,COMPLETE
358,0.03157106414437294,2022-10-13 09:17:27.580784,2022-10-13 09:42:08.783258,0 days 00:24:41.202474,19,20,0.0004491607610174151,0,COMPLETE
359,0.03220439702272415,2022-10-13 09:26:26.623050,2022-10-13 09:51:24.690951,0 days 00:24:58.067901,20,20,0.0004395585485348295,0,COMPLETE
360,,2022-10-13 09:31:32.693934,,,19,20,0.00044269039055993767,0,RUNNING
361,,2022-10-13 09:40:12.193524,,,19,20,0.00045071064761482196,0,RUNNING
362,,2022-10-13 09:40:35.065714,,,19,20,0.0005051706390250467,0,RUNNING
