,trial,lr,batch_size,epochs,rot_inv,train_loss,val_loss,val_loss_best,tot_time,pruned
0,4,0.00022687291998699805,47,7,5,"[0.30506765842437744, 0.1691206395626068, 0.12686914205551147, 0.10404171049594879, 0.08949412405490875, 0.07618406414985657, 0.06438011676073074]","[0.13179658353328705, 0.109091617166996, 0.08189743757247925, 0.07841891795396805, 0.07459696382284164, 0.0705900639295578, 0.06409548223018646]",0.06409548223018646,465.1265304693952,0
1,6,2.6679059597556104e-05,63,14,1,"[0.46389442682266235, 0.30225151777267456, 0.2735575735569, 0.2524506747722626, 0.23651468753814697, 0.22309653460979462, 0.21253223717212677, 0.20227055251598358, 0.19468781352043152, 0.1876739263534546, 0.1811480075120926, 0.1747954934835434, 0.16985538601875305, 0.1649629771709442]","[0.2103489339351654, 0.2019873708486557, 0.16958105564117432, 0.15453746914863586, 0.15588964521884918, 0.1616993546485901, 0.1356450617313385, 0.13377788662910461, 0.12842844426631927, 0.13492964208126068, 0.13379845023155212, 0.11882811784744263, 0.11558309197425842, 0.1273087114095688]",0.11558309197425842,638.2098555378616,0
2,11,1.2230565448243085e-05,40,7,1,"[0.4856460988521576, 0.317979097366333, 0.2863633930683136, 0.2678578495979309, 0.2536294758319855, 0.24292822182178497, 0.23416851460933685]","[0.22678127884864807, 0.219741091132164, 0.18624529242515564, 0.1689271628856659, 0.16513337194919586, 0.1556222289800644, 0.1496061086654663]",0.1496061086654663,321.46241257712245,0
3,13,2.225971877807669e-06,41,7,3,"[0.8442251086235046, 0.5410686731338501, 0.4042567014694214, 0.3503921926021576, 0.3311684727668762, 0.32077017426490784, 0.3133159875869751]","[0.4614246189594269, 0.31367966532707214, 0.24720436334609985, 0.2247997671365738, 0.21458998322486877, 0.20839713513851166, 0.2031494826078415]",0.2031494826078415,441.34221098199487,0
4,16,0.00032296347260994045,31,12,4,"[0.29713577032089233, 0.15269824862480164, 0.11240379512310028, 0.08940207213163376, 0.0702478289604187, 0.059018369764089584, 0.04872453212738037, 0.038836196064949036, 0.03584377095103264, 0.029262876138091087, 0.025060482323169708, 0.0235124621540308]","[0.15427426993846893, 0.09115798771381378, 0.07442394644021988, 0.08359332382678986, 0.0739641860127449, 0.06678552180528641, 0.055942945182323456, 0.05796533077955246, 0.06101604551076889, 0.04911461099982262, 0.05545180290937424, 0.04809541627764702]",0.04809541627764702,796.7240601768717,0
5,21,1.1747419504741108e-05,59,18,2,"[0.5193057656288147, 0.3260997235774994, 0.30522623658180237, 0.2915928065776825, 0.27888667583465576, 0.2672581374645233, 0.2563730776309967, 0.24641750752925873, 0.23752479255199432, 0.2296704202890396, 0.22334925830364227, 0.21793533861637115, 0.21284666657447815, 0.20828214287757874, 0.20416127145290375, 0.200663760304451, 0.19695527851581573, 0.19347767531871796]","[0.21914924681186676, 0.20315077900886536, 0.1973596215248108, 0.18246251344680786, 0.17482739686965942, 0.16991503536701202, 0.16984376311302185, 0.16000819206237793, 0.1651918739080429, 0.15268895030021667, 0.14782385528087616, 0.14214976131916046, 0.13826507329940796, 0.136435404419899, 0.13687914609909058, 0.1396714746952057, 0.13593368232250214, 0.13103097677230835]",0.13103097677230835,1029.9803626900539,0
6,27,3.373031755602685e-05,48,7,3,"[0.3886887729167938, 0.28109508752822876, 0.24851848185062408, 0.22540079057216644, 0.20590463280677795, 0.18935923278331757, 0.1753883957862854]","[0.19182245433330536, 0.1858697086572647, 0.1494816690683365, 0.14030632376670837, 0.13803251087665558, 0.17641137540340424, 0.1222338005900383]",0.1222338005900383,439.3592956401408,0
7,30,4.967241127365418e-06,38,17,3,"[0.6384778022766113, 0.3633449673652649, 0.3316165804862976, 0.31818804144859314, 0.3086088001728058, 0.3008200228214264, 0.2932868003845215, 0.28675898909568787, 0.28059718012809753, 0.27474766969680786, 0.2695674002170563, 0.26526257395744324, 0.2612963318824768, 0.2561900019645691, 0.2519892752170563, 0.2478693127632141, 0.24356456100940704]","[0.27110567688941956, 0.2266400158405304, 0.21306340396404266, 0.20412535965442657, 0.20044171810150146, 0.1941855251789093, 0.20090244710445404, 0.18421468138694763, 0.1792684644460678, 0.1783934086561203, 0.17433083057403564, 0.17589034140110016, 0.16684290766716003, 0.16580185294151306, 0.16432736814022064, 0.15907657146453857, 0.15846358239650726]",0.15846358239650726,1083.7343013435602,0
8,37,0.0019847904467618833,33,19,0,"[235.9713134765625, 1.0060957670211792, 1.0032931566238403, 1.0011283159255981, 1.000221848487854, 1.0000290870666504, 1.0000675916671753, 1.0001200437545776, 1.000123381614685, 1.0001368522644043, 1.0002018213272095, 1.0001698732376099, 1.0001978874206543, 1.0002226829528809, 1.0002154111862183, 1.000142216682434, 1.0001879930496216, 1.000140905380249, 1.0002062320709229]","[0.7453458905220032, 0.7415533065795898, 0.7372661232948303, 0.7342827916145325, 0.7328169941902161, 0.7321675419807434, 0.7323483228683472, 0.7318673729896545, 0.7315841317176819, 0.7320783734321594, 0.7316051721572876, 0.7347725629806519, 0.732398509979248, 0.7333125472068787, 0.731632649898529, 0.7315017580986023, 0.7314022779464722, 0.7308295965194702, 0.732400119304657]",0.7308295965194702,1276.2438174923882,0
9,43,0.0015128555332257774,47,17,3,"[0.42595046758651733, 0.2272951900959015, 0.1486126333475113, 0.11647959798574448, 0.09775612503290176, 0.08508623391389847, 0.0743541345000267, 0.0685734748840332, 0.059167128056287766, 0.05888424068689346, 0.057902250438928604, 0.04853343963623047, 0.047027479857206345, 0.04211176931858063, 0.04663676396012306, 0.04006585106253624, 0.03893345594406128]","[0.16780319809913635, 0.20677749812602997, 0.1650172472000122, 0.07938791066408157, 0.06937044113874435, 0.07247036695480347, 0.08167040348052979, 0.06155313923954964, 0.05908102169632912, 0.056603383272886276, 0.12233774363994598, 0.05309543386101723, 0.05278042331337929, 0.05639755353331566, 0.04933102801442146, 0.04921970143914223, 0.05377425253391266]",0.04921970143914223,1062.699169812724,0
10,49,0.0011180145416383213,35,14,5,"[0.3086596429347992, 0.12913663685321808, 0.09135407209396362, 0.06355591118335724, 0.05442219600081444, 0.045246630907058716, 0.03555827960371971, 0.031915951520204544, 0.029115675017237663, 0.02743372693657875, 0.02589409425854683, 0.021514292806386948, 0.021756771951913834, 0.021658102050423622]","[0.10939915478229523, 0.14103683829307556, 0.08116548508405685, 0.0797545462846756, 0.0566381961107254, 0.04582292586565018, 0.0950745940208435, 0.06562149524688721, 0.04740861430764198, 0.04418380558490753, 0.04107074812054634, 0.05601593852043152, 0.04098856449127197, 0.038215648382902145]",0.038215648382902145,938.5458284234628,0
11,54,0.003341110959018846,19,6,1,"[1.0041550397872925, 1.000382423400879, 1.0002431869506836, 1.0003430843353271, 1.0002928972244263, 1.0004857778549194]","[0.7301901578903198, 0.7328812479972839, 0.7302294969558716, 0.7329745292663574, 0.7298378944396973, 0.7318066954612732]",0.7298378944396973,287.53076858632267,0
12,56,8.237096481709145e-06,28,18,5,"[0.4788880944252014, 0.27339476346969604, 0.24721114337444305, 0.22923298180103302, 0.21511751413345337, 0.2036220133304596, 0.19390681385993958, 0.18488894402980804, 0.1785384863615036, 0.17248128354549408, 0.1670219451189041, 0.16154088079929352, 0.15749946236610413, 0.15341980755329132, 0.14936816692352295, 0.14580844342708588, 0.14226055145263672, 0.14033196866512299]","[0.1925438940525055, 0.16972580552101135, 0.1555081307888031, 0.14606529474258423, 0.1389630287885666, 0.13284540176391602, 0.12920480966567993, 0.12402025610208511, 0.12752729654312134, 0.11920114606618881, 0.12321799993515015, 0.11213959753513336, 0.11004740744829178, 0.11440293490886688, 0.1084757000207901, 0.10785099118947983, 0.10434290021657944, 0.10319686681032181]",0.10319686681032181,1233.834364647977,0
13,63,2.10113881901147e-06,17,13,4,"[0.7117136120796204, 0.4077188968658447, 0.3447771370410919, 0.3231348693370819, 0.3094464838504791, 0.29875829815864563, 0.28994300961494446, 0.28197184205055237, 0.274906724691391, 0.2683604955673218, 0.2629704773426056, 0.25815653800964355, 0.25321686267852783]","[0.3277035355567932, 0.23829668760299683, 0.22001603245735168, 0.2093784660100937, 0.20177240669727325, 0.19321158528327942, 0.1898307204246521, 0.18306303024291992, 0.18085579574108124, 0.17374160885810852, 0.16964630782604218, 0.16674424707889557, 0.1643296629190445]",0.1643296629190445,924.4015592681244,0
14,69,0.0002075804777004886,60,12,3,"[0.3335556387901306, 0.22134405374526978, 0.15934982895851135, 0.12837417423725128, 0.11005362123250961, 0.09903153032064438, 0.0866774395108223, 0.07842826843261719, 0.06803712248802185, 0.06119055300951004, 0.05617455765604973, 0.05053474009037018]","[0.15025465190410614, 0.1310202032327652, 0.11456803232431412, 0.0836692601442337, 0.08809547126293182, 0.07318317145109177, 0.07409533858299255, 0.06950731575489044, 0.07097093015909195, 0.07352251559495926, 0.06755439937114716, 0.06665722280740738]",0.06665722280740738,746.4462122777477,0
15,73,0.0037923652097254586,39,14,5,"[1.036450743675232, 1.0003196001052856, 1.0002317428588867, 1.0004624128341675, 1.000258207321167, 1.0003942251205444, 1.0001548528671265, 1.0002524852752686, 1.0004609823226929, 1.0002408027648926, 1.0003552436828613, 1.0002855062484741, 1.0001963376998901, 1.0003736019134521]","[0.7334636449813843, 0.7335190773010254, 0.7337443232536316, 0.732245922088623, 0.7302745580673218, 0.7321573495864868, 0.735191285610199, 0.7306557893753052, 0.7326794862747192, 0.7318307161331177, 0.731778621673584, 0.732793390750885, 0.7296131253242493, 0.7320763468742371]",0.7296131253242493,941.6878143493086,0
16,78,0.0073753794710484,25,10,5,"[1.781468152999878, 1.0003527402877808, 1.000373363494873, 1.0006530284881592, 1.0006492137908936, 1.0007684230804443, 1.000654697418213, 1.000375509262085, 1.0007598400115967, 1.000710368156433]","[0.73235684633255, 0.7308228611946106, 0.7326370477676392, 0.7305383086204529, 0.7363224029541016, 0.7319492697715759, 0.7436795234680176, 0.73210608959198, 0.7354928851127625, 0.7294428944587708]",0.7294428944587708,703.0196999916807,0
17,82,5.0791650443117e-05,18,7,5,"[0.3000868260860443, 0.19794537127017975, 0.1591954380273819, 0.13784340023994446, 0.1227918490767479, 0.1119782105088234, 0.10292959958314896]","[0.16464188694953918, 0.11461568623781204, 0.10779538750648499, 0.08895161002874374, 0.0864306315779686, 0.08803527057170868, 0.07881458848714828]",0.07881458848714828,516.042388446629,0
18,86,5.033795528575574e-06,50,10,0,"[0.5871384143829346, 0.31004637479782104, 0.271926611661911, 0.2559046149253845, 0.2447359710931778, 0.235263392329216, 0.2271757870912552, 0.21985627710819244, 0.2132633924484253, 0.20737160742282867]","[0.23932702839374542, 0.1827976554632187, 0.1681525707244873, 0.167325958609581, 0.16591410338878632, 0.1513967514038086, 0.1454470306634903, 0.14085063338279724, 0.13952022790908813, 0.13401207327842712]",0.13401207327842712,656.1960692033172,0
19,90,0.0029454214369906534,31,8,0,"[1.0074552297592163, 1.0002933740615845, 1.000335454940796, 1.0003304481506348, 1.0002610683441162, 1.0002421140670776, 1.0003583431243896, 1.0003025531768799]","[0.7333015203475952, 0.7318347096443176, 0.7307589650154114, 0.7317625880241394, 0.7349626421928406, 0.733980655670166, 0.7332593202590942, 0.7307869791984558]",0.7307589650154114,544.8034290447831,0
20,95,0.0015373260418097164,33,15,5,"[0.946078896522522, 1.0001827478408813, 1.000118613243103, 1.0001153945922852, 1.0001713037490845, 1.0001633167266846, 1.0001925230026245, 1.0001142024993896, 1.000193476676941, 1.0001863241195679, 1.0001739263534546, 1.0001460313796997, 1.0001893043518066, 1.000153660774231, 1.0000907182693481]","[0.7328733801841736, 0.7331450581550598, 0.7311859130859375, 0.7312410473823547, 0.7336559891700745, 0.7315147519111633, 0.73239666223526, 0.731408417224884, 0.7334194183349609, 0.7335377335548401, 0.7339099645614624, 0.7310869693756104, 0.7333964109420776, 0.7333318591117859, 0.7321958541870117]",0.7310869693756104,1012.4788255132735,0
21,101,0.003913186534825532,20,15,4,"[1.0171937942504883, 1.0003340244293213, 1.000425100326538, 1.0004796981811523, 1.0003684759140015, 1.0006451606750488, 1.0004146099090576, 1.0005204677581787, 1.0005184412002563, 1.0003405809402466, 1.0004433393478394, 1.000503420829773, 1.000570297241211, 1.0005391836166382, 1.0003405809402466]","[0.7299534678459167, 0.7312008738517761, 0.7346557378768921, 0.7311875224113464, 0.7310186624526978, 0.7317126393318176, 0.7334768176078796, 0.7327857613563538, 0.7306444048881531, 0.7323843836784363, 0.7317801117897034, 0.7301231026649475, 0.7322918772697449, 0.7313382029533386, 0.7338457107543945]",0.7299534678459167,1038.5665713688359,0
22,107,0.0007160184309889189,56,18,0,"[0.3280370831489563, 0.14147457480430603, 0.09833601862192154, 0.07057564705610275, 0.0497242771089077, 0.03694365918636322, 0.029915081337094307, 0.025733420625329018, 0.023144036531448364, 0.021297026425600052, 0.021202731877565384, 0.023180298507213593, 0.015884511172771454, 0.014090989716351032, 0.013553104363381863, 0.015952974557876587, 0.014863773249089718, 0.012075021862983704]","[0.3339797258377075, 0.08416002243757248, 0.08164919167757034, 0.09860312938690186, 0.06641820818185806, 0.056566737592220306, 0.05529358237981796, 0.05801041051745415, 0.04475940018892288, 0.047679878771305084, 0.0531102754175663, 0.10383351892232895, 0.04954342171549797, 0.041338350623846054, 0.04110077768564224, 0.04713983088731766, 0.04466232284903526, 0.03992346301674843]",0.03992346301674843,1176.9909976590425,0
23,114,0.0007172213321592777,58,18,0,"[0.2844640016555786, 0.12437906116247177, 0.07900631427764893, 0.05478858947753906, 0.040697626769542694, 0.03272932395339012, 0.029758121818304062, 0.02465050108730793, 0.021774888038635254, 0.021300503984093666, 0.019498134031891823, 0.016402684152126312, 0.015347247943282127, 0.01549601275473833, 0.01443466916680336, 0.014260351657867432, 0.012420048005878925, 0.012011376209557056]","[0.20737238228321075, 0.07373934239149094, 0.08147977292537689, 0.0532723069190979, 0.04530071094632149, 0.04591171443462372, 0.05257616564631462, 0.04633915051817894, 0.0447666198015213, 0.045994218438863754, 0.03881962224841118, 0.041511598974466324, 0.054738376289606094, 0.036719609051942825, 0.03506482020020485, 0.038453977555036545, 0.03886376693844795, 0.033673256635665894]",0.033673256635665894,1168.1317784925923,0
24,120,0.00036020235175931287,59,18,0,"[0.2809988856315613, 0.144004225730896, 0.10172602534294128, 0.07819686084985733, 0.06126352772116661, 0.04546713829040527, 0.034260332584381104, 0.027293037623167038, 0.021558234468102455, 0.019612794741988182, 0.018832990899682045, 0.015857882797718048, 0.014464420266449451, 0.015900233760476112, 0.012551398016512394, 0.011238708160817623, 0.011013684794306755, 0.011543132364749908]","[0.10786622017621994, 0.08318044990301132, 0.09542575478553772, 0.08103784918785095, 0.05953709036111832, 0.07419029623270035, 0.10834620893001556, 0.05536989867687225, 0.05865046754479408, 0.059448953717947006, 0.05487988144159317, 0.051312997937202454, 0.058988943696022034, 0.051156651228666306, 0.05366957560181618, 0.052453525364398956, 0.06807311624288559, 0.052005965262651443]",0.051156651228666306,1170.68656216003,0
25,125,0.0012109021665883076,55,19,0,"[0.8810293674468994, 1.0000957250595093, 1.0001286268234253, 1.0000698566436768, 1.0000581741333008, 1.0000808238983154, 1.0000630617141724, 1.0000702142715454, 1.0001084804534912, 1.0001212358474731, 1.0001256465911865, 1.000033974647522, 1.0000958442687988, 1.000092625617981, 1.0001040697097778, 1.0001226663589478, 1.0001251697540283, 1.0001221895217896, 1.0001356601715088]","[0.7320855259895325, 0.7324877977371216, 0.732474148273468, 0.7330781817436218, 0.7318575978279114, 0.7326583862304688, 0.7345107197761536, 0.7313130497932434, 0.7320491075515747, 0.7319303154945374, 0.7316007614135742, 0.7331296801567078, 0.732205867767334, 0.7333471775054932, 0.7315948605537415, 0.7321048974990845, 0.7327179312705994, 0.7321392893791199, 0.7326343059539795]",0.7313130497932434,1239.0434900280088,0
26,130,0.0005396827826581254,54,19,0,"[0.2776814103126526, 0.14112529158592224, 0.09189336746931076, 0.06552554666996002, 0.04944491758942604, 0.034784626215696335, 0.028706658631563187, 0.02368946000933647, 0.021785298362374306, 0.019096393138170242, 0.017825687304139137, 0.0162435881793499, 0.015015626326203346, 0.014271529391407967, 0.01419247966259718, 0.012978735379874706, 0.011995874345302582, 0.012324564158916473, 0.010799100622534752]","[0.1041368618607521, 0.08949793130159378, 0.09721137583255768, 0.0636771097779274, 0.05374699458479881, 0.05211770161986351, 0.053824543952941895, 0.05081268399953842, 0.055725399404764175, 0.04799327999353409, 0.04415762796998024, 0.04361414536833763, 0.04264509305357933, 0.043563053011894226, 0.04461001604795456, 0.04252172261476517, 0.040473632514476776, 0.04070478305220604, 0.038159556686878204]",0.038159556686878204,1238.3491611052305,0
27,135,0.0007934589359053215,56,17,0,"[0.31225791573524475, 0.13553492724895477, 0.08525724709033966, 0.058406200259923935, 0.040947962552309036, 0.03413448482751846, 0.02582150511443615, 0.02273193933069706, 0.02495073713362217, 0.02170034684240818, 0.018115900456905365, 0.01602047309279442, 0.014406620524823666, 0.014520982280373573, 0.015174433588981628, 0.014838169328868389, 0.014553406275808811]","[0.14082181453704834, 0.0809578001499176, 0.10968253016471863, 0.07116635143756866, 0.34215351939201355, 0.042211394757032394, 0.04400508478283882, 0.04480008780956268, 0.062184348702430725, 0.04754836484789848, 0.04260155186057091, 0.03658789023756981, 0.0518452450633049, 0.03952536731958389, 0.04033273085951805, 0.0387350432574749, 0.05734766274690628]",0.03658789023756981,1103.8112094122916,0
28,140,0.000837421835038154,61,17,0,"[0.3122723698616028, 0.1311190277338028, 0.08371851593255997, 0.05317584425210953, 0.0371866449713707, 0.030072417110204697, 0.0263409111648798, 0.02305625006556511, 0.023847144097089767, 0.019360115751624107, 0.01734986901283264, 0.01713535003364086, 0.01696448028087616, 0.015360714867711067, 0.013751012273132801, 0.012764787301421165, 0.01272975467145443]","[0.10964901000261307, 0.11010602861642838, 0.08119946718215942, 0.05828923359513283, 0.049818411469459534, 0.04489393159747124, 0.04715391620993614, 0.049156997352838516, 0.04462943971157074, 0.04141195863485336, 0.04069996625185013, 0.05059894919395447, 0.03714408352971077, 0.038714081048965454, 0.038402706384658813, 0.03541376069188118, 0.034890227019786835]",0.034890227019786835,1101.8826932990924,0
29,145,0.0008870942238369944,61,17,0,"[0.3265742361545563, 0.1346275806427002, 0.08534959703683853, 0.05803874135017395, 0.041525788605213165, 0.03261546045541763, 0.029019715264439583, 0.026272539049386978, 0.02186121791601181, 0.020545881241559982, 0.01843957230448723, 0.01934175193309784, 0.017287109047174454, 0.024656103923916817, 0.01581324264407158, 0.012069331482052803, 0.011023257859051228]","[0.1760968714952469, 0.09349608421325684, 0.059001971036195755, 0.058136146515607834, 0.044774238020181656, 0.04234668239951134, 0.04338165000081062, 0.044074222445487976, 0.04132222384214401, 0.0432223305106163, 0.04743935540318489, 0.03832489997148514, 0.28894829750061035, 0.03781862184405327, 0.03631757199764252, 0.03360409289598465, 0.03350092098116875]",0.03350092098116875,1101.5421176729724,0
30,150,0.001929267060001324,61,17,0,"[1.0117751359939575, 1.0001494884490967, 1.0001568794250488, 1.00013267993927, 1.000199556350708, 1.0001769065856934, 1.0000982284545898, 1.0001200437545776, 1.0000938177108765, 1.0000650882720947, 1.0001559257507324, 1.0001493692398071, 1.0000685453414917, 1.0000791549682617, 1.0001579523086548, 1.0001622438430786, 1.0001996755599976]","[0.7312754392623901, 0.732422411441803, 0.7311490178108215, 0.7305792570114136, 0.732263445854187, 0.7333277463912964, 0.7325441837310791, 0.7334224581718445, 0.7341862320899963, 0.7317203879356384, 0.7332347631454468, 0.7314557433128357, 0.7343689799308777, 0.7339186668395996, 0.7315111756324768, 0.7314180135726929, 0.7321181893348694]",0.7305792570114136,1101.3245441038162,0
31,155,0.00042259593746128254,60,16,0,"[0.2817830443382263, 0.15066908299922943, 0.10883652418851852, 0.08504212647676468, 0.06558220088481903, 0.051140207797288895, 0.03998013585805893, 0.031493887305259705, 0.02620583400130272, 0.0220442283898592, 0.02010110579431057, 0.018229303881525993, 0.016712546348571777, 0.015454995445907116, 0.014098444022238255, 0.012961387634277344]","[0.19016799330711365, 0.08695685863494873, 0.12206515669822693, 0.06837770342826843, 0.07449782639741898, 0.05844670534133911, 0.08323109894990921, 0.057026978582143784, 0.055836692452430725, 0.05837998911738396, 0.05608762055635452, 0.0550762340426445, 0.05417444184422493, 0.05427278205752373, 0.055914148688316345, 0.05297603830695152]",0.05297603830695152,1035.4468107633293,0
32,160,0.0008487775055270675,64,11,0,"[0.32168465852737427, 0.1346893459558487, 0.09751756489276886, 0.06632289290428162, 0.04459061473608017, 0.031465642154216766, 0.024935035035014153, 0.023157447576522827, 0.02187911421060562, 0.0231357179582119, 0.021831635385751724]","[0.15732333064079285, 0.07422151416540146, 0.10374557226896286, 0.06355267018079758, 0.051847923547029495, 0.07015905529260635, 0.05196470022201538, 0.04658455029129982, 0.05470208451151848, 0.04437651485204697, 0.04529266804456711]",0.04437651485204697,712.7509920420125,0
33,163,0.001159287140591227,53,18,1,"[0.36181801557540894, 0.20352773368358612, 0.15823480486869812, 0.12359381467103958, 0.11230453848838806, 0.09226421266794205, 0.08313193917274475, 0.07345136255025864, 0.06706678867340088, 0.060183972120285034, 0.05347144231200218, 0.05788515508174896, 0.0450921431183815, 0.04022783413529396, 0.03974873945116997, 0.03641217574477196, 0.03650275245308876, 0.0337962731719017]","[0.15222185850143433, 0.11050412058830261, 0.11276686191558838, 0.17855797708034515, 0.08313711732625961, 0.08381234109401703, 0.06801111996173859, 0.08665166795253754, 0.0706460103392601, 0.08032090961933136, 0.08422460407018661, 0.07136211544275284, 0.06812059879302979, 0.07742895185947418, 0.06511141359806061, 0.06929134577512741, 0.07338207215070724, 0.07004349678754807]",0.06511141359806061,822.4729965506122,0
34,168,0.0006651272170650469,58,17,0,"[0.29150083661079407, 0.1375565379858017, 0.09027651697397232, 0.06256968528032303, 0.04820702224969864, 0.034481365233659744, 0.02679317817091942, 0.02245418168604374, 0.02104886621236801, 0.01901174522936344, 0.017583150416612625, 0.01693916507065296, 0.015036869794130325, 0.014158003032207489, 0.014826172031462193, 0.014469285495579243, 0.016123494133353233]","[0.1084713339805603, 0.07513948529958725, 0.06081399694085121, 0.22196923196315765, 0.05349615588784218, 0.04954255744814873, 0.047819141298532486, 0.04644329100847244, 0.04731057956814766, 0.05152284353971481, 0.05772954598069191, 0.041030388325452805, 0.040700484067201614, 0.04232940822839737, 0.04339096322655678, 0.042418643832206726, 0.0412791445851326]",0.040700484067201614,1104.1440098350868,0
35,173,0.0009272110463447228,56,18,0,"[0.2949862778186798, 0.11873463541269302, 0.07698367536067963, 0.05275622382760048, 0.03690330684185028, 0.032504986971616745, 0.02901599183678627, 1.3593162298202515, 1.0002405643463135, 1.0000361204147339, 1.0000618696212769, 1.0000805854797363, 1.0000792741775513, 1.0000540018081665, 1.000090479850769, 1.000090479850769, 1.0000697374343872, 1.0001004934310913]","[0.09905095398426056, 0.07802470028400421, 0.0599246509373188, 0.05606408044695854, 0.046823080629110336, 0.04222240298986435, 0.5992491245269775, 0.7346373796463013, 0.7325900793075562, 0.7317543625831604, 0.7323359251022339, 0.7318092584609985, 0.7316098213195801, 0.7326493859291077, 0.7330979704856873, 0.7325074076652527, 0.7323985695838928, 0.7317994832992554]",0.04222240298986435,1171.991400978528,0
36,178,0.0007497078133370416,55,19,0,"[0.28571343421936035, 0.12994520366191864, 0.08713476359844208, 0.05800347030162811, 0.03973666951060295, 0.029930032789707184, 0.026824792847037315, 0.023203134536743164, 0.02020394429564476, 0.01913275755941868, 0.01884337142109871, 0.015951000154018402, 0.01592840626835823, 0.015345948748290539, 0.017325975000858307, 0.014507715590298176, 0.010641667060554028, 0.010151615366339684, 0.010744580999016762]","[0.1036214530467987, 0.12063918262720108, 0.3491605818271637, 0.05882091820240021, 0.053874146193265915, 0.05171532183885574, 0.044985439628362656, 0.14988507330417633, 0.0431247316300869, 0.04874197393655777, 0.039620429277420044, 0.04111294820904732, 0.04141854867339134, 0.04056558012962341, 0.042049575597047806, 0.03802235797047615, 0.038427580147981644, 0.04024944826960564, 0.03615344315767288]",0.03615344315767288,1236.7575688194484,0
37,183,0.001485461803742511,33,19,0,"[0.8915491700172424, 1.000190019607544, 1.0001164674758911, 1.0001500844955444, 1.0002117156982422, 1.0000965595245361, 1.0001304149627686, 1.000048041343689, 1.0001888275146484, 1.0001529455184937, 1.0001766681671143, 1.0001907348632812, 1.0001397132873535, 1.0001864433288574, 1.0000776052474976, 1.0001094341278076, 1.0002461671829224, 1.000148057937622, 1.0001939535140991]","[0.7326694130897522, 0.7326058149337769, 0.7340003848075867, 0.7335566878318787, 0.7327557802200317, 0.731699526309967, 0.7315115332603455, 0.7355962991714478, 0.7345461845397949, 0.7315418720245361, 0.7318217158317566, 0.7320915460586548, 0.731085479259491, 0.7327918410301208, 0.7310343384742737, 0.731968879699707, 0.7316256761550903, 0.7310746312141418, 0.7312400937080383]",0.7310343384742737,1279.0034881001338,0
38,188,0.0010688532514118638,34,19,0,"[0.28433316946029663, 0.11500561982393265, 0.07844875007867813, 0.05394242703914642, 0.04335516318678856, 0.042472466826438904, 0.03342399001121521, 0.031447723507881165, 0.03070855140686035, 0.023718809708952904, 0.023603424429893494, 0.027516961097717285, 0.021900556981563568, 0.016598880290985107, 0.016984382644295692, 0.017727689817547798, 0.01610151305794716, 0.016637936234474182, 0.015364335849881172]","[0.08276928216218948, 0.10124856978654861, 0.0712381973862648, 0.04866945371031761, 0.053105052560567856, 0.04254387691617012, 0.0387381911277771, 0.039301298558712006, 0.03582264855504036, 0.03532404452562332, 0.0545332096517086, 0.034568920731544495, 0.03277704492211342, 0.033294375985860825, 0.03389831632375717, 0.030305711552500725, 0.03552592918276787, 0.030573716387152672, 0.030803566798567772]",0.030305711552500725,1275.427971846424,0
39,193,0.0010846280284416716,35,20,0,"[0.986110508441925, 1.0001121759414673, 1.0001431703567505, 1.0001568794250488, 1.0001264810562134, 1.00015127658844, 1.0001248121261597, 1.0001474618911743, 1.0001246929168701, 1.00014328956604, 1.0000065565109253, 1.0001252889633179, 1.0001535415649414, 1.0001317262649536, 1.00006902217865, 1.0001522302627563, 1.0001024007797241, 1.000153660774231, 1.0001208782196045, 1.0000907182693481]","[0.7332139015197754, 0.732046902179718, 0.7328089475631714, 0.7324116230010986, 0.7314336895942688, 0.7323346734046936, 0.7333632111549377, 0.7322681546211243, 0.7331209182739258, 0.7318719625473022, 0.7340786457061768, 0.7320340871810913, 0.7327614426612854, 0.7317706346511841, 0.7312028408050537, 0.7316581606864929, 0.7306846976280212, 0.7321019768714905, 0.7325906753540039, 0.731052577495575]",0.7306846976280212,1342.6801137886941,0
40,198,0.0009604999526027566,36,20,0,"[0.2635801136493683, 0.10470723360776901, 0.06817810982465744, 0.05180318281054497, 0.03974877670407295, 0.0314536988735199, 0.029534948989748955, 0.02784508652985096, 0.024223191663622856, 0.026011204347014427, 0.02046811953186989, 0.01806855946779251, 0.01900479942560196, 0.01801348850131035, 0.015693392604589462, 0.01550754252821207, 0.01639074645936489, 0.014147372916340828, 0.015068014152348042, 0.012854080647230148]","[0.08113589137792587, 0.09151091426610947, 0.054754555225372314, 0.08865233510732651, 0.05148376151919365, 0.041309088468551636, 0.07322926819324493, 0.04314643144607544, 0.060522958636283875, 0.03512462228536606, 0.03594565391540527, 0.045328035950660706, 0.0371679924428463, 0.031900130212306976, 0.036803051829338074, 0.034222010523080826, 0.03153911978006363, 0.06795031577348709, 0.03477225452661514, 0.03318134695291519]",0.03153911978006363,1337.2050868794322,0
41,203,0.0017465291315856047,37,20,0,"[0.9885627031326294, 1.0001195669174194, 1.0001752376556396, 1.000128149986267, 1.0001890659332275, 0.9999969005584717, 1.0001990795135498, 1.0000723600387573, 1.0001579523086548, 1.0001617670059204, 1.0002402067184448, 1.0001087188720703, 1.000207781791687, 1.0001795291900635, 1.0001057386398315, 1.000130295753479, 1.0002250671386719, 1.000100016593933, 1.0001521110534668, 1.0002259016036987]","[0.7360506057739258, 0.7329654097557068, 0.7314163446426392, 0.7340621948242188, 0.7330533266067505, 0.7362091541290283, 0.7335783839225769, 0.7345659732818604, 0.7317984104156494, 0.7326609492301941, 0.7329859733581543, 0.7312455177307129, 0.7314876914024353, 0.7329927682876587, 0.7328048944473267, 0.732454240322113, 0.7323084473609924, 0.7326225638389587, 0.7332983016967773, 0.7326070070266724]",0.7312455177307129,1334.1920308228582,0
42,208,0.0013546698546020844,32,20,0,"[0.2731955945491791, 0.1197533831000328, 0.07891709357500076, 0.07107754051685333, 0.050381850451231, 0.04274662211537361, 0.03987438976764679, 0.03551601618528366, 0.0355345718562603, 0.030868811532855034, 0.030285056680440903, 0.026558320969343185, 0.024364197626709938, 0.022365503013134003, 0.023134231567382812, 0.020302433520555496, 0.02069038525223732, 0.019432801753282547, 0.019785482436418533, 0.01857825368642807]","[0.10649287700653076, 0.07001509517431259, 0.06948148459196091, 0.05851755291223526, 0.04765345901250839, 0.04478495195508003, 0.04315495118498802, 0.045885119587183, 0.04810434579849243, 0.041769664734601974, 0.07784269750118256, 0.039320655167102814, 0.03795386478304863, 0.052371762692928314, 0.038741424679756165, 0.04363987594842911, 0.03741044923663139, 0.0371435321867466, 0.041688594967126846, 0.04049566388130188]",0.0371435321867466,1351.8923944476992,0
43,213,0.001260161674127366,34,20,0,"[0.3761139512062073, 0.12233596295118332, 0.08139070123434067, 0.05989867448806763, 0.04741593077778816, 0.05336625874042511, 0.038074277341365814, 0.03457934409379959, 0.03606890141963959, 0.0304173082113266, 0.023864272981882095, 0.02325773425400257, 0.026186352595686913, 0.023776765912771225, 0.01881405897438526, 0.017944861203432083, 0.018988922238349915, 0.017715588212013245, 0.015788814052939415, 0.016715677455067635]","[0.13292641937732697, 0.06608915328979492, 0.06909052282571793, 0.05161102116107941, 0.049502477049827576, 0.04658849909901619, 0.03769109025597572, 0.04412110894918442, 0.04440982639789581, 0.039440836757421494, 0.038407329469919205, 0.0400284044444561, 0.04878802224993706, 0.03929626941680908, 0.03396692872047424, 0.035404905676841736, 0.03319152072072029, 0.05350033938884735, 0.033853840082883835, 0.03532636910676956]",0.03319152072072029,1341.333910654299,0
44,218,0.0009128918898392444,30,20,0,"[0.2861167788505554, 0.10934635251760483, 0.07566625624895096, 0.054905086755752563, 0.042188260704278946, 0.03893610090017319, 0.03700704127550125, 0.030143393203616142, 0.0275926161557436, 0.024946996942162514, 0.02091011218726635, 0.020481746643781662, 0.02423712983727455, 0.018414098769426346, 0.01714896596968174, 0.01501879096031189, 0.015314336866140366, 0.01501848641782999, 0.014556909911334515, 0.015381712466478348]","[0.10879527032375336, 0.05958472564816475, 0.05661839619278908, 0.05453357473015785, 0.04649388790130615, 0.04564008116722107, 0.0445273257791996, 0.042171500623226166, 0.03762776777148247, 0.039846647530794144, 0.03755861520767212, 0.03234890475869179, 0.03612357750535011, 0.0342976376414299, 0.035742927342653275, 0.03693681210279465, 0.0319511704146862, 0.034135594964027405, 0.031598735600709915, 0.03230990841984749]",0.031598735600709915,1360.892875294201,0
45,223,0.0015857898704728414,39,20,0,"[0.30091458559036255, 0.12594841420650482, 0.0859799012541771, 0.06406374275684357, 0.05724240094423294, 0.06345976889133453, 0.046765122562646866, 0.03862890973687172, 0.03379036486148834, 0.030691640451550484, 0.0316128134727478, 0.029334235936403275, 0.030069584026932716, 0.045284148305654526, 0.023633891716599464, 0.021596157923340797, 0.022024154663085938, 0.02100454270839691, 0.02207256108522415, 0.018987683579325676]","[0.08943592011928558, 0.06543031334877014, 0.06770351529121399, 0.05559299886226654, 1.0082839727401733, 0.06038983538746834, 0.10645502060651779, 0.05247398838400841, 0.04281022772192955, 0.0513806976377964, 0.05540570616722107, 0.05025648698210716, 0.03900081664323807, 0.0439702607691288, 0.05649598315358162, 0.03634436056017876, 0.04333256557583809, 0.047083765268325806, 0.04068957641720772, 0.032060656696558]",0.032060656696558,1330.8970063654706,0
46,228,0.0012872854739020498,37,20,0,"[0.35988855361938477, 0.13203352689743042, 0.0853503942489624, 0.05806123837828636, 0.04732134938240051, 0.04235939309000969, 0.040555838495492935, 0.03521187603473663, 0.03043043240904808, 0.027772007510066032, 0.027073273435235023, 0.02431422472000122, 0.021239353343844414, 0.02144426666200161, 0.020109588280320168, 0.02041444554924965, 0.01842937245965004, 0.017222300171852112, 0.016535000875592232, 0.018711920827627182]","[0.14015094935894012, 0.06664764136075974, 0.06709199398756027, 0.04606877267360687, 0.07800770550966263, 0.04395153000950813, 0.043541088700294495, 0.04217413440346718, 0.04006115347146988, 0.06272091716527939, 0.0391131266951561, 0.03582225739955902, 0.03864499181509018, 0.03446574881672859, 0.042451146990060806, 0.03873063251376152, 0.03405354544520378, 0.03465422987937927, 0.03210623934864998, 0.03357294574379921]",0.03210623934864998,1334.443860949017,0
47,233,0.001243360334935762,38,20,0,"[0.41388607025146484, 0.13974875211715698, 0.09654317051172256, 0.0677938461303711, 0.05155447497963905, 0.04559067636728287, 0.04219726473093033, 0.0377793051302433, 0.0347280316054821, 0.03135984018445015, 0.027847429737448692, 0.022066300734877586, 0.02381964586675167, 0.022903775796294212, 0.02318134531378746, 0.018827566877007484, 0.016281481832265854, 0.016590172424912453, 0.017620177939534187, 0.015677064657211304]","[0.12542229890823364, 0.06688710302114487, 0.06923472136259079, 0.050513867288827896, 0.06362996995449066, 0.04937712103128433, 0.05875713378190994, 0.04630398005247116, 0.03896348923444748, 0.03925009444355965, 0.035636574029922485, 0.036632195115089417, 0.037809863686561584, 0.04785827174782753, 0.03504573553800583, 0.03310244157910347, 0.10843236744403839, 0.043724846094846725, 0.03463298827409744, 0.03607781603932381]",0.03310244157910347,1342.4614164074883,0
48,238,0.0010727641346299172,37,20,0,"[0.31151053309440613, 0.12357741594314575, 0.08147832006216049, 0.056456997990608215, 0.04312092438340187, 0.03736906871199608, 0.031034190207719803, 0.027789654210209846, 0.026070021092891693, 0.024561623111367226, 0.02247324213385582, 0.021869637072086334, 0.019755568355321884, 0.017175566405057907, 0.014724941924214363, 0.015403739176690578, 0.014935644343495369, 0.01539189275354147, 0.014365134760737419, 0.014535575173795223]","[0.10181880742311478, 0.1272786408662796, 0.07107608765363693, 0.047255150973796844, 0.06557682156562805, 0.04276068136096001, 0.07301008701324463, 0.04170118644833565, 0.04630487412214279, 0.037211719900369644, 0.03976678475737572, 0.04190867766737938, 0.034004028886556625, 0.035893745720386505, 0.04435328394174576, 0.037809643894433975, 0.03488343209028244, 0.035792965441942215, 0.03419114276766777, 0.03536006063222885]",0.034004028886556625,1334.6131179491058,0
49,244,0.0016044475802529969,30,19,0,"[0.6464880704879761, 29.7805233001709, 1.4758800268173218, 1.1117795705795288, 1.014092206954956, 1.0007038116455078, 0.9999942779541016, 1.0001485347747803, 1.0000698566436768, 1.0001611709594727, 1.0001524686813354, 1.0002280473709106, 1.0002397298812866, 1.0001740455627441, 1.0002163648605347, 1.0001264810562134, 1.000181794166565, 1.0002121925354004, 1.0001327991485596]","[0.2699805498123169, 1.6092616319656372, 0.9996886253356934, 0.7841383218765259, 0.7383220791816711, 0.7343549132347107, 0.7305489182472229, 0.7332233786582947, 0.7344061732292175, 0.7314077019691467, 0.7339388132095337, 0.7316159605979919, 0.7315559983253479, 0.7324811220169067, 0.7312296032905579, 0.7325254678726196, 0.7331339716911316, 0.7317631840705872, 0.7333046197891235]",0.2699805498123169,1292.0166477402672,0
50,249,0.0014218602420005063,39,19,0,"[0.7246777415275574, 1.0001466274261475, 1.0001522302627563, 1.0000358819961548, 1.00016188621521, 1.000150203704834, 1.0001912117004395, 1.0001128911972046, 1.0001134872436523, 1.0002120733261108, 1.0001130104064941, 1.0001469850540161, 1.0000581741333008, 1.0001578330993652, 1.000167965888977, 1.0001294612884521, 1.0001670122146606, 1.0001147985458374, 1.0001728534698486]","[0.7316160202026367, 0.7328572273254395, 0.732291579246521, 0.7325746417045593, 0.7325488924980164, 0.7326142191886902, 0.7330613732337952, 0.7341805100440979, 0.7308908700942993, 0.7325323224067688, 0.7325573563575745, 0.7320711016654968, 0.7319796681404114, 0.7312780618667603, 0.7337334752082825, 0.7312325835227966, 0.7328737378120422, 0.7336634993553162, 0.733843982219696]",0.7308908700942993,1266.0349102998152,0
51,254,0.0020771033555134996,33,20,0,"[7.652956962585449, 1.0009419918060303, 1.0000919103622437, 1.0000104904174805, 1.0000947713851929, 1.0001208782196045, 1.0001518726348877, 1.0001709461212158, 1.0001063346862793, 1.0001813173294067, 1.0001567602157593, 1.0002015829086304, 1.0002893209457397, 0.9999674558639526, 1.0001879930496216, 1.0003010034561157, 1.000240445137024, 1.0001835823059082, 1.0002694129943848, 1.0001624822616577]","[0.7395657300949097, 0.7340525984764099, 0.7327000498771667, 0.7312518954277039, 0.7335149049758911, 0.7311738729476929, 0.7311702966690063, 0.7313949465751648, 0.7348863482475281, 0.7316927313804626, 0.7312055826187134, 0.7329499125480652, 0.7321222424507141, 0.736218273639679, 0.7306005954742432, 0.7324009537696838, 0.7347577214241028, 0.7326877117156982, 0.7336408495903015, 0.7327440977096558]",0.7306005954742432,1347.0276144109666,0
52,259,0.0010667048476846672,35,20,0,"[0.6143426895141602, 3.97238826751709, 1.0000356435775757, 1.000044584274292, 1.0000656843185425, 1.0000990629196167, 1.000057339668274, 1.000153660774231, 1.0001059770584106, 1.0001120567321777, 1.0000981092453003, 1.0001616477966309, 0.9999889731407166, 1.0001437664031982, 1.0001516342163086, 1.0001351833343506, 1.0001415014266968, 0.9998663663864136, 1.0001212358474731, 1.0001393556594849]","[0.7332449555397034, 0.7317672371864319, 0.7323275208473206, 0.7325316667556763, 0.7326600551605225, 0.7327886819839478, 0.733971893787384, 0.7324439287185669, 0.7315924763679504, 0.7332152724266052, 0.7309300899505615, 0.7320286631584167, 0.7348476648330688, 0.7327882647514343, 0.7336622476577759, 0.7328667044639587, 0.7321451902389526, 0.7349280714988708, 0.7317966222763062, 0.7325194478034973]",0.7309300899505615,1342.5494394386187,0
53,264,0.0009076156113553531,36,20,0,"[0.28234344720840454, 0.13024073839187622, 0.08475200831890106, 0.06103483960032463, 0.04329847916960716, 0.03591756895184517, 0.03360336646437645, 0.035391151905059814, 0.03152407705783844, 0.024372782558202744, 0.02191060036420822, 0.021320441737771034, 0.01930362544953823, 0.01890956610441208, 0.018488826230168343, 0.017849290743470192, 0.01594715192914009, 0.013743439689278603, 0.013134063221514225, 0.013474519364535809]","[1.8660608530044556, 0.07410363107919693, 0.057286523282527924, 0.05228109285235405, 0.10237021744251251, 0.047411032021045685, 0.11732275038957596, 0.06346848607063293, 0.045177556574344635, 0.036907002329826355, 0.03871491923928261, 0.0435098372399807, 0.037619005888700485, 0.04080391302704811, 0.03644002974033356, 0.046212088316679, 0.032114751636981964, 0.031093668192625046, 0.03201435133814812, 0.03287901729345322]",0.031093668192625046,1339.3590216347948,0
54,269,0.000799447809834542,29,19,0,"[0.26871156692504883, 0.11767655611038208, 0.07210218906402588, 0.049244191497564316, 0.038494814187288284, 0.03373345360159874, 0.029977796599268913, 0.02902933955192566, 0.023940876126289368, 0.019917238503694534, 0.02029634825885296, 0.01870337687432766, 0.01875697821378708, 0.028088074177503586, 0.018077369779348373, 0.012900999747216702, 0.012405767105519772, 0.013114488683640957, 0.014647041447460651]","[0.08268732577562332, 0.07373637706041336, 0.06030765920877457, 0.07771086692810059, 0.062417857348918915, 0.03838280588388443, 0.037857331335544586, 0.041994608938694, 0.037360139191150665, 0.03293858841061592, 0.03816252574324608, 0.03816934674978256, 0.035007916390895844, 0.04063927009701729, 0.040215834975242615, 0.03649212792515755, 0.032659269869327545, 0.03430100157856941, 0.03786608949303627]",0.032659269869327545,1296.9744570925832,0
55,274,0.0007788017594980212,27,19,0,"[0.2692151367664337, 0.1144726350903511, 0.07357346266508102, 0.0528261624276638, 0.03988032042980194, 0.03431234136223793, 0.03195556253194809, 0.027171064168214798, 0.025688784196972847, 0.02313144877552986, 0.02386896125972271, 0.02227018028497696, 0.017824145033955574, 0.01659504324197769, 0.016435915604233742, 0.016473013907670975, 0.01488693617284298, 0.013038303703069687, 0.012771651148796082]","[0.11622218787670135, 0.06101683899760246, 0.055457767099142075, 0.05895086005330086, 0.048192448914051056, 0.04557466134428978, 0.04668120667338371, 0.04014619067311287, 0.04045291244983673, 0.04314102232456207, 0.04559541493654251, 0.0347900390625, 0.05482667684555054, 0.03655323013663292, 0.03408701345324516, 0.033430833369493484, 0.03175947442650795, 0.029029984027147293, 0.03225236013531685]",0.029029984027147293,1309.3722056904808,0
56,279,0.0007505877681050036,34,19,0,"[0.25925391912460327, 0.11526571214199066, 0.07639268785715103, 0.051957596093416214, 0.0394488088786602, 0.03209572285413742, 0.028062639757990837, 0.02534875087440014, 0.024302460253238678, 0.02201906405389309, 0.021481480449438095, 0.020037394016981125, 0.01638474315404892, 0.016024362295866013, 0.015132896602153778, 0.014973176643252373, 0.013922590762376785, 0.013213339261710644, 0.012701151892542839]","[0.09641875326633453, 0.08868873119354248, 0.05939250439405441, 0.04814184457063675, 0.07302315533161163, 0.05363677442073822, 0.05042993277311325, 0.06857044249773026, 0.04668368771672249, 0.055902332067489624, 0.03782975301146507, 0.034205082803964615, 0.039808619767427444, 0.03773312643170357, 0.03883321210741997, 0.03301861137151718, 0.03417310491204262, 0.03451378643512726, 0.03286021575331688]",0.03286021575331688,1275.323781374842,0
57,284,0.0005788272077347392,36,19,0,"[0.25358840823173523, 0.11011838167905807, 0.07136251032352448, 0.04592251405119896, 0.03571069613099098, 0.028305772691965103, 0.025879541411995888, 0.024835990741848946, 0.020139914005994797, 0.02080923691391945, 0.016608167439699173, 0.016517581418156624, 0.015649020671844482, 0.015275138430297375, 0.01424813736230135, 0.011853521689772606, 0.010705634020268917, 0.013192015700042248, 0.011217030696570873]","[0.08832517266273499, 0.08534510433673859, 0.05484041944146156, 0.07943926006555557, 0.08097422122955322, 0.041420549154281616, 0.16177314519882202, 0.05072256550192833, 0.20947502553462982, 0.03678503260016441, 0.04023132473230362, 0.04596513882279396, 0.0368385910987854, 0.03874858096241951, 0.036254070699214935, 0.031174181029200554, 0.03209811449050903, 0.030961815267801285, 0.033406417816877365]",0.030961815267801285,1272.0450364965945,0
58,289,0.0005823567550422743,25,19,0,"[0.2536548972129822, 0.11932249367237091, 0.07772184163331985, 0.055258288979530334, 0.04045507311820984, 0.03257797658443451, 0.029361603781580925, 0.0260623749345541, 0.02181343361735344, 0.02127743326127529, 0.020229624584317207, 0.017943084239959717, 0.016944438219070435, 0.016085421666502953, 0.01626434363424778, 0.015293285250663757, 0.012200475670397282, 0.013224884867668152, 0.012377426959574223]","[0.09896524995565414, 0.06655894219875336, 0.059045273810625076, 0.047730203717947006, 0.07733213156461716, 0.0473598949611187, 0.04966859146952629, 0.03581368178129196, 0.039739273488521576, 0.037785883992910385, 0.034063443541526794, 0.10474926233291626, 0.03308868035674095, 0.03683995455503464, 0.0384160652756691, 0.034180983901023865, 0.03259710967540741, 0.03463394567370415, 0.03620840609073639]",0.03259710967540741,1321.123989244923,0
59,294,0.0007752038385300316,23,19,0,"[0.26457807421684265, 0.10733257234096527, 0.07807285338640213, 0.053185008466243744, 0.04327243193984032, 0.03789305314421654, 0.03127255290746689, 0.0282914936542511, 0.0278850756585598, 0.023703616112470627, 0.02209334261715412, 0.020650193095207214, 0.01813921146094799, 0.017687754705548286, 0.017112528905272484, 0.017047110944986343, 0.014131855219602585, 0.016348615288734436, 0.013179538771510124]","[0.08442746102809906, 0.06595884263515472, 0.06461559981107712, 0.07186324149370193, 0.047328174114227295, 0.042454253882169724, 0.0407511368393898, 0.042602866888046265, 0.042572055011987686, 0.03690876066684723, 0.03935837373137474, 0.03535166010260582, 0.040302570909261703, 0.03415808081626892, 0.04024219512939453, 0.03697206825017929, 0.03825648874044418, 0.03239956870675087, 0.03415857255458832]",0.03239956870675087,1333.4909345228225,0
60,299,0.0006870783508142762,27,20,0,"[0.25460296869277954, 0.12563911080360413, 0.07633452862501144, 0.0569334551692009, 0.04002808406949043, 0.034708768129348755, 0.03137332201004028, 0.03023739717900753, 0.02401350438594818, 0.02162906900048256, 0.020182445645332336, 0.019216099753975868, 0.018319381400942802, 0.017210019752383232, 0.015906095504760742, 0.01488290261477232, 0.014345956034958363, 0.01355606596916914, 0.019397204741835594, 0.012655367143452168]","[0.10138309001922607, 0.08861017972230911, 0.06884119659662247, 0.05067392811179161, 0.04974441975355148, 0.0416487380862236, 0.049531541764736176, 0.04298461601138115, 0.0498664528131485, 0.03862105309963226, 0.03863154351711273, 0.03468162938952446, 0.034937456250190735, 0.03515303134918213, 0.03780924528837204, 0.03724472597241402, 0.03617101162672043, 0.03269888088107109, 0.03424223139882088, 0.03211564943194389]",0.03211564943194389,1377.5600933777168,0
61,304,0.0007289297137176567,22,19,0,"[0.40816202759742737, 0.1808634251356125, 0.10753288120031357, 0.07716493308544159, 0.05826525390148163, 0.04721485823392868, 0.04160023480653763, 0.035629212856292725, 0.03206845372915268, 0.027621526271104813, 0.026852326467633247, 0.025910120457410812, 0.02414616197347641, 0.021199142560362816, 0.019106460735201836, 0.01983984187245369, 0.018051225692033768, 0.017649592831730843, 0.015596304088830948]","[0.3565881550312042, 0.12131800502538681, 0.07154826819896698, 0.062187328934669495, 0.0572117455303669, 0.04802674055099487, 0.05626288801431656, 0.04582436382770538, 0.044604603201150894, 0.04122789576649666, 0.04869638383388519, 0.04419683292508125, 0.03808356076478958, 0.042146727442741394, 0.041995637118816376, 0.034037668257951736, 0.03692210838198662, 0.039075322449207306, 0.03577901050448418]",0.034037668257951736,1343.1582333175465,0
62,309,0.0006356266481422472,22,19,0,"[0.25360819697380066, 0.11082643270492554, 0.07153072208166122, 0.04763723164796829, 0.039424385875463486, 0.0339067317545414, 0.030629051849246025, 0.025412093847990036, 0.02397669106721878, 0.02103358693420887, 0.020968768745660782, 0.019439565017819405, 0.01610993780195713, 0.01523396372795105, 0.01671265810728073, 0.014818721450865269, 0.012677243910729885, 0.013132745400071144, 0.014206569641828537]","[0.1327582746744156, 0.06685341894626617, 0.05740109086036682, 0.04721613973379135, 0.05635092034935951, 0.049003034830093384, 0.05671676620841026, 0.042194854468107224, 0.03751588985323906, 0.041300415992736816, 0.04055475816130638, 0.034733034670352936, 0.039354901760816574, 0.03595448285341263, 0.03098512440919876, 0.032029155641794205, 0.03256780281662941, 0.02973172254860401, 0.029676387086510658]",0.029676387086510658,1342.9910578075796,0
63,314,0.0006084664801733209,20,19,0,"[0.23225916922092438, 0.1028592437505722, 0.06577849388122559, 0.04990125820040703, 0.050595853477716446, 0.0316038616001606, 0.02843450754880905, 0.025352193042635918, 0.02378757856786251, 0.020756488665938377, 0.019202284514904022, 0.016742374747991562, 0.017135772854089737, 0.017101647332310677, 0.0154190668836236, 0.013571596704423428, 0.013769411481916904, 0.013047889806330204, 0.012398676946759224]","[0.0937589481472969, 0.0600108802318573, 0.04496787115931511, 0.552457332611084, 0.05185117572546005, 0.17439191043376923, 0.044946931302547455, 0.03531866520643234, 0.03506723418831825, 0.036852557212114334, 0.03176138922572136, 0.03375992178916931, 0.03142370283603668, 0.02935817465186119, 0.030594145879149437, 0.04129000008106232, 0.030012140050530434, 0.03167286887764931, 0.029795756563544273]",0.02935817465186119,1356.5149807985872,0
64,319,0.0006050944223629468,19,19,0,"[0.3643914461135864, 0.17267070710659027, 0.11041416227817535, 0.08032599836587906, 0.06157543137669563, 0.05125709995627403, 0.043675534427165985, 0.037263717502355576, 0.03733427822589874, 0.029294868931174278, 0.02675396203994751, 0.02430144138634205, 0.0228135846555233, 0.02108667977154255, 0.018598055467009544, 0.01849346049129963, 0.019142387434840202, 0.01510702632367611, 0.01611417718231678]","[0.1345139592885971, 0.1199890673160553, 0.07543910294771194, 0.059860847890377045, 0.06363086402416229, 0.04824572801589966, 0.053402356803417206, 0.04215504229068756, 0.060591090470552444, 0.05031631514430046, 0.04587029293179512, 0.03806367889046669, 0.039173372089862823, 0.03755098208785057, 0.0384690947830677, 0.03546277806162834, 0.0337270088493824, 0.032402195036411285, 0.03309577330946922]",0.032402195036411285,1372.3987848414108,0
65,324,0.0003004470323142449,22,19,0,"[0.24307169020175934, 0.12152041494846344, 0.08585603535175323, 0.059542618691921234, 0.04462992027401924, 0.034805189818143845, 0.028098566457629204, 0.024606434628367424, 0.021424513310194016, 0.019569143652915955, 0.016650361940264702, 0.016769330948591232, 0.014008321799337864, 0.013550628907978535, 0.012657457031309605, 0.011718401685357094, 0.011342558078467846, 0.010920562781393528, 0.010381880216300488]","[0.10574020445346832, 0.07916528731584549, 0.06451210379600525, 0.08630284667015076, 0.05389058217406273, 0.05116729438304901, 0.044029880315065384, 0.046180617064237595, 0.048529379069805145, 0.044883910566568375, 0.04669174924492836, 0.036285001784563065, 0.03725476562976837, 0.03734870254993439, 0.03569464385509491, 0.03816700726747513, 0.035698555409908295, 0.03679080680012703, 0.03470771014690399]",0.03470771014690399,1341.7938907146454,0
66,330,0.00036178529292278774,18,18,0,"[0.25952163338661194, 0.132454514503479, 0.09206259250640869, 0.0654975101351738, 0.049684036523103714, 0.0378839485347271, 0.032180409878492355, 0.026147689670324326, 0.02201046422123909, 0.02017277292907238, 0.018141310662031174, 0.01661679707467556, 0.01581340841948986, 0.014685035683214664, 0.013092598877847195, 0.013354220427572727, 0.012232979759573936, 0.011639985255897045]","[0.10868397355079651, 0.07164270430803299, 0.06271234154701233, 0.06069564446806908, 0.0535530187189579, 0.049928709864616394, 0.04741349071264267, 0.04002534970641136, 0.038959138095378876, 0.038911838084459305, 0.03835771977901459, 0.03995748609304428, 0.03881778195500374, 0.03604554757475853, 0.03494545444846153, 0.034049857407808304, 0.033560387790203094, 0.032976362854242325]",0.032976362854242325,1317.6644171094522,0
67,335,0.0005616357209023621,20,20,0,"[0.24868041276931763, 0.11709226667881012, 0.07403957098722458, 0.055701788514852524, 0.04161025583744049, 0.032705772668123245, 0.028800666332244873, 0.02813269942998886, 0.024873141199350357, 0.022355930879712105, 0.018568098545074463, 0.018957078456878662, 0.018120337277650833, 0.015233451500535011, 0.014439908787608147, 0.015005834400653839, 0.013737471774220467, 0.01483203936368227, 0.011079296469688416, 0.011967170983552933]","[0.1362045556306839, 0.06552214175462723, 0.08313273638486862, 0.04880645126104355, 0.07708325237035751, 0.0457308329641819, 0.04443640634417534, 0.045328762382268906, 0.15919159352779388, 0.03556970879435539, 0.03811892494559288, 0.033631760627031326, 0.03669202700257301, 0.033770687878131866, 0.03149474039673805, 0.03178412839770317, 0.056374747306108475, 0.029229750856757164, 0.04164377227425575, 0.039640169590711594]",0.029229750856757164,1428.4170329412445,0
68,340,0.00013231646868170325,28,20,0,"[0.2622647285461426, 0.15334579348564148, 0.11599849164485931, 0.09425612539052963, 0.07876264303922653, 0.06631354242563248, 0.05387309566140175, 0.04464280605316162, 0.0372275747358799, 0.030974363908171654, 0.026714129373431206, 0.022620640695095062, 0.019876345992088318, 0.018029583618044853, 0.016293326392769814, 0.01503205019980669, 0.013803459703922272, 0.012899116612970829, 0.011259296908974648, 0.011391849257051945]","[0.11873801052570343, 0.0895739421248436, 0.08082138746976852, 0.07582443207502365, 0.07455505430698395, 0.06505150347948074, 0.07077103853225708, 0.06347835063934326, 0.06385967135429382, 0.07802841812372208, 0.059994932264089584, 0.05838943272829056, 0.05608721449971199, 0.05763641744852066, 0.05669288709759712, 0.05576525256037712, 0.05866604298353195, 0.05349035561084747, 0.054466575384140015, 0.05251574143767357]",0.05251574143767357,1373.0172081207857,0
69,345,0.0008314920136215236,23,20,0,"[0.3194575309753418, 0.13682721555233002, 0.08979050070047379, 0.06148592755198479, 0.05107033997774124, 0.042903173714876175, 0.036069076508283615, 0.033845074474811554, 0.028743887320160866, 0.027596507221460342, 0.02441619150340557, 0.022384019568562508, 0.023287765681743622, 0.020255040377378464, 0.018211744725704193, 0.017157549038529396, 0.016694026067852974, 0.016625678166747093, 0.015158983878791332, 0.014509239234030247]","[0.14880907535552979, 0.08175386488437653, 0.07634691894054413, 0.05536752566695213, 0.04633291810750961, 0.05201008543372154, 0.05891286954283714, 0.04318942874670029, 0.048068851232528687, 0.038558267056941986, 0.035512953996658325, 0.034250408411026, 0.03764878213405609, 0.036404769867658615, 0.03270846605300903, 0.033543068915605545, 0.03341705724596977, 0.03127429634332657, 0.033212173730134964, 0.03223557397723198]",0.03127429634332657,1404.0279537346214,0
70,350,0.0006502147671468915,24,20,0,"[0.2366710901260376, 0.10213324427604675, 0.06240972876548767, 0.044463321566581726, 0.03416621312499046, 0.03255980461835861, 0.02731296792626381, 0.025004111230373383, 0.0226165559142828, 0.022063573822379112, 0.019380604848265648, 0.016093069687485695, 0.01836959645152092, 0.016604309901595116, 0.014097290113568306, 0.014736708253622055, 0.013530705124139786, 0.012502801604568958, 0.012457030825316906, 0.012003475800156593]","[0.40512704849243164, 0.057263653725385666, 0.056953638792037964, 0.05297953635454178, 0.046019844710826874, 0.04126570373773575, 0.0488164946436882, 0.03321670740842819, 0.03627936542034149, 0.03864740952849388, 0.03742480278015137, 0.03593897074460983, 0.03637120500206947, 0.03215913102030754, 0.033658724278211594, 0.0338008888065815, 0.04418163374066353, 0.03023180179297924, 0.03371429815888405, 0.029457060620188713]",0.029457060620188713,1394.6081450814381,0
71,355,0.0006014843152624933,24,20,0,"[0.23997557163238525, 0.10483422130346298, 0.06917140632867813, 0.04897695779800415, 0.03518874570727348, 0.03122779354453087, 0.028785785660147667, 0.025287438184022903, 0.021770142018795013, 0.020637700334191322, 0.018560556694865227, 0.017949672415852547, 0.017902817577123642, 0.01525745540857315, 0.014996838755905628, 0.01530370768159628, 0.013419552706182003, 0.014237298630177975, 0.012278430163860321, 0.012106836773455143]","[0.0903337225317955, 0.0744863748550415, 0.046300262212753296, 0.0692882165312767, 0.03979204222559929, 0.04692212864756584, 0.038318876177072525, 0.036372482776641846, 0.03595317527651787, 0.04048307612538338, 0.03613843023777008, 0.0380466990172863, 0.033081550151109695, 0.043398402631282806, 0.032190434634685516, 0.03245166689157486, 0.04119468852877617, 0.030649127438664436, 0.03117441199719906, 0.03293514624238014]",0.030649127438664436,1393.9152169656008,0
72,360,0.00044269039055993767,19,20,0,"[0.24611037969589233, 0.11374235898256302, 0.0779675543308258, 0.0549810416996479, 0.041085876524448395, 0.033636633306741714, 0.02801191247999668, 0.02517525479197502, 0.022318357601761818, 0.018567558377981186, 0.017781417816877365, 0.01759406365454197, 0.016071029007434845, 0.013940750621259212, 0.013712823390960693, 0.013004749082028866, 0.012329441495239735, 0.012234881520271301, 0.010711755603551865, 0.010616792365908623]","[0.0861348882317543, 0.14715060591697693, 0.0570773184299469, 0.05145872011780739, 0.051073167473077774, 0.04753810912370682, 0.08030128479003906, 0.04723980277776718, 0.045661184936761856, 0.04652031883597374, 0.03701655939221382, 0.043427251279354095, 0.04401612654328346, 0.039211455732584, 0.03739524632692337, 0.03739996999502182, 0.03569262847304344, 0.03484141454100609, 0.03750254213809967, 0.03689900040626526]",0.03484141454100609,1448.0870616631582,0
